id,bpm,accuracy,time_ms,time_iso
1,76.0,3,1782171536608,2026-06-23T06:38:56.608
2,76.0,-1,1782171537606,2026-06-23T06:38:57.606
3,76.0,-1,1782171538606,2026-06-23T06:38:58.606
4,76.0,-1,1782171539605,2026-06-23T06:38:59.605
5,76.0,-1,1782171540606,2026-06-23T06:39:00.606
6,71.0,3,1782171541606,2026-06-23T06:39:01.606
7,71.0,3,1782171542606,2026-06-23T06:39:02.606
8,72.0,3,1782171543606,2026-06-23T06:39:03.606
9,74.0,3,1782171544606,2026-06-23T06:39:04.606
10,74.0,3,1782171545606,2026-06-23T06:39:05.606
11,76.0,3,1782171546607,2026-06-23T06:39:06.607
12,77.0,3,1782171547606,2026-06-23T06:39:07.606
13,79.0,3,1782171548605,2026-06-23T06:39:08.605
14,79.0,3,1782171549605,2026-06-23T06:39:09.605
15,79.0,3,1782171550605,2026-06-23T06:39:10.605
16,79.0,3,1782171551606,2026-06-23T06:39:11.606
17,80.0,3,1782171552606,2026-06-23T06:39:12.606
18,80.0,3,1782171553606,2026-06-23T06:39:13.606
19,80.0,3,1782171554605,2026-06-23T06:39:14.605
20,79.0,3,1782171555605,2026-06-23T06:39:15.605
21,79.0,3,1782171556606,2026-06-23T06:39:16.606
22,78.0,3,1782171557606,2026-06-23T06:39:17.606
23,78.0,3,1782171558606,2026-06-23T06:39:18.606
24,78.0,3,1782171559606,2026-06-23T06:39:19.606
25,78.0,3,1782171560606,2026-06-23T06:39:20.606
26,79.0,3,1782171561606,2026-06-23T06:39:21.606
27,79.0,3,1782171562606,2026-06-23T06:39:22.606
28,79.0,3,1782171563607,2026-06-23T06:39:23.607
29,81.0,3,1782171564606,2026-06-23T06:39:24.606
30,82.0,3,1782171565607,2026-06-23T06:39:25.607
31,82.0,3,1782171566606,2026-06-23T06:39:26.606
32,83.0,3,1782171567608,2026-06-23T06:39:27.608
33,83.0,3,1782171568610,2026-06-23T06:39:28.610
34,83.0,3,1782171569617,2026-06-23T06:39:29.617
35,83.0,3,1782171570605,2026-06-23T06:39:30.605
36,83.0,3,1782171571606,2026-06-23T06:39:31.606
37,82.0,3,1782171572605,2026-06-23T06:39:32.605
38,81.0,3,1782171573606,2026-06-23T06:39:33.606
39,81.0,3,1782171574605,2026-06-23T06:39:34.605
40,80.0,3,1782171575606,2026-06-23T06:39:35.606
41,80.0,3,1782171576606,2026-06-23T06:39:36.606
42,80.0,3,1782171577609,2026-06-23T06:39:37.609
43,81.0,3,1782171578606,2026-06-23T06:39:38.606
44,80.0,3,1782171579608,2026-06-23T06:39:39.608
45,80.0,3,1782171580608,2026-06-23T06:39:40.608
46,81.0,3,1782171581605,2026-06-23T06:39:41.605
47,79.0,3,1782171582607,2026-06-23T06:39:42.607
48,78.0,3,1782171583606,2026-06-23T06:39:43.606
49,77.0,3,1782171584612,2026-06-23T06:39:44.612
50,75.0,3,1782171585610,2026-06-23T06:39:45.610
51,74.0,3,1782171586605,2026-06-23T06:39:46.605
52,74.0,3,1782171587605,2026-06-23T06:39:47.605
53,76.0,3,1782171588605,2026-06-23T06:39:48.605
54,75.0,3,1782171589607,2026-06-23T06:39:49.607
55,76.0,3,1782171590605,2026-06-23T06:39:50.605
56,76.0,3,1782171591606,2026-06-23T06:39:51.606
57,76.0,3,1782171592606,2026-06-23T06:39:52.606
58,77.0,3,1782171593606,2026-06-23T06:39:53.606
59,77.0,3,1782171594606,2026-06-23T06:39:54.606
60,77.0,3,1782171595608,2026-06-23T06:39:55.608
61,77.0,3,1782171596607,2026-06-23T06:39:56.607
62,77.0,3,1782171597607,2026-06-23T06:39:57.607
63,77.0,3,1782171598605,2026-06-23T06:39:58.605
64,78.0,3,1782171599612,2026-06-23T06:39:59.612
65,75.0,3,1782171600605,2026-06-23T06:40:00.605
66,81.0,3,1782171615126,2026-06-23T06:40:15.126
67,81.0,3,1782171616126,2026-06-23T06:40:16.126
68,81.0,3,1782171617126,2026-06-23T06:40:17.126
69,80.0,3,1782171618126,2026-06-23T06:40:18.126
70,80.0,3,1782171619126,2026-06-23T06:40:19.126
71,80.0,3,1782171620126,2026-06-23T06:40:20.126
72,80.0,3,1782171621125,2026-06-23T06:40:21.125
73,81.0,3,1782171622125,2026-06-23T06:40:22.125
74,81.0,3,1782171623126,2026-06-23T06:40:23.126
75,81.0,3,1782171624126,2026-06-23T06:40:24.126
76,81.0,3,1782171625126,2026-06-23T06:40:25.126
77,82.0,3,1782171626126,2026-06-23T06:40:26.126
78,83.0,3,1782171627126,2026-06-23T06:40:27.126
79,84.0,3,1782171628126,2026-06-23T06:40:28.126
80,84.0,3,1782171629126,2026-06-23T06:40:29.126
81,83.0,3,1782171630127,2026-06-23T06:40:30.127
82,84.0,3,1782171631126,2026-06-23T06:40:31.126
83,84.0,3,1782171632126,2026-06-23T06:40:32.126
84,85.0,3,1782171633127,2026-06-23T06:40:33.127
85,84.0,3,1782171634126,2026-06-23T06:40:34.126
86,83.0,3,1782171635126,2026-06-23T06:40:35.126
87,83.0,3,1782171636126,2026-06-23T06:40:36.126
88,85.0,3,1782171637126,2026-06-23T06:40:37.126
89,85.0,3,1782171638126,2026-06-23T06:40:38.126
90,86.0,3,1782171639127,2026-06-23T06:40:39.127
91,86.0,3,1782171640127,2026-06-23T06:40:40.127
92,86.0,-1,1782171641135,2026-06-23T06:40:41.135
93,88.0,3,1782171642126,2026-06-23T06:40:42.126
94,88.0,3,1782171643128,2026-06-23T06:40:43.128
95,89.0,3,1782171644129,2026-06-23T06:40:44.129
96,89.0,3,1782171645128,2026-06-23T06:40:45.128
97,90.0,3,1782171646128,2026-06-23T06:40:46.128
98,90.0,3,1782171647126,2026-06-23T06:40:47.126
99,89.0,3,1782171648128,2026-06-23T06:40:48.128
100,89.0,3,1782171649128,2026-06-23T06:40:49.128
101,89.0,3,1782171650128,2026-06-23T06:40:50.128
102,89.0,3,1782171651128,2026-06-23T06:40:51.128
103,89.0,3,1782171652126,2026-06-23T06:40:52.126
104,89.0,3,1782171653128,2026-06-23T06:40:53.128
105,88.0,3,1782171654174,2026-06-23T06:40:54.174
106,88.0,3,1782171655125,2026-06-23T06:40:55.125
107,88.0,3,1782171656128,2026-06-23T06:40:56.128
108,88.0,3,1782171657127,2026-06-23T06:40:57.127
109,88.0,3,1782171658128,2026-06-23T06:40:58.128
110,88.0,3,1782171659129,2026-06-23T06:40:59.129
111,88.0,3,1782171660128,2026-06-23T06:41:00.128
112,88.0,3,1782171661127,2026-06-23T06:41:01.127
113,89.0,3,1782171662128,2026-06-23T06:41:02.128
114,88.0,3,1782171663127,2026-06-23T06:41:03.127
115,88.0,3,1782171664126,2026-06-23T06:41:04.126
116,88.0,3,1782171665125,2026-06-23T06:41:05.125
117,87.0,3,1782171666126,2026-06-23T06:41:06.126
118,88.0,3,1782171667125,2026-06-23T06:41:07.125
119,89.0,3,1782171668127,2026-06-23T06:41:08.127
120,90.0,3,1782171669126,2026-06-23T06:41:09.126
121,92.0,3,1782171670125,2026-06-23T06:41:10.125
122,93.0,3,1782171671127,2026-06-23T06:41:11.127
123,92.0,3,1782171672128,2026-06-23T06:41:12.128
124,93.0,3,1782171673129,2026-06-23T06:41:13.129
125,95.0,3,1782171674127,2026-06-23T06:41:14.127
126,95.0,3,1782171675127,2026-06-23T06:41:15.127
127,96.0,3,1782171676128,2026-06-23T06:41:16.128
128,96.0,-1,1782171677128,2026-06-23T06:41:17.128
129,95.0,3,1782171678127,2026-06-23T06:41:18.127
130,95.0,3,1782171679128,2026-06-23T06:41:19.128
131,94.0,3,1782171680127,2026-06-23T06:41:20.127
132,93.0,3,1782171681128,2026-06-23T06:41:21.128
133,92.0,3,1782171682128,2026-06-23T06:41:22.128
134,90.0,3,1782171683128,2026-06-23T06:41:23.128
135,91.0,3,1782171684126,2026-06-23T06:41:24.126
136,91.0,3,1782171685125,2026-06-23T06:41:25.125
137,90.0,3,1782171686125,2026-06-23T06:41:26.125
138,90.0,3,1782171687125,2026-06-23T06:41:27.125
139,90.0,3,1782171688125,2026-06-23T06:41:28.125
140,89.0,3,1782171689128,2026-06-23T06:41:29.128
141,89.0,3,1782171690129,2026-06-23T06:41:30.129
142,88.0,3,1782171691125,2026-06-23T06:41:31.125
143,88.0,3,1782171692127,2026-06-23T06:41:32.127
144,87.0,3,1782171693125,2026-06-23T06:41:33.125
145,86.0,3,1782171694126,2026-06-23T06:41:34.126
146,85.0,3,1782171695127,2026-06-23T06:41:35.127
147,87.0,3,1782171696125,2026-06-23T06:41:36.125
148,88.0,3,1782171697128,2026-06-23T06:41:37.128
149,88.0,3,1782171698126,2026-06-23T06:41:38.126
150,87.0,3,1782171699127,2026-06-23T06:41:39.127
151,86.0,3,1782171700128,2026-06-23T06:41:40.128
152,85.0,3,1782171701126,2026-06-23T06:41:41.126
153,84.0,3,1782171702127,2026-06-23T06:41:42.127
154,82.0,3,1782171703128,2026-06-23T06:41:43.128
155,80.0,3,1782171704127,2026-06-23T06:41:44.127
156,79.0,3,1782171705127,2026-06-23T06:41:45.127
157,79.0,3,1782171706127,2026-06-23T06:41:46.127
158,77.0,3,1782171707128,2026-06-23T06:41:47.128
159,76.0,3,1782171708128,2026-06-23T06:41:48.128
160,74.0,3,1782171709128,2026-06-23T06:41:49.128
161,74.0,3,1782171710127,2026-06-23T06:41:50.127
162,75.0,3,1782171711127,2026-06-23T06:41:51.127
163,77.0,3,1782171712129,2026-06-23T06:41:52.129
164,76.0,3,1782171713127,2026-06-23T06:41:53.127
165,76.0,3,1782171714128,2026-06-23T06:41:54.128
166,77.0,3,1782171715129,2026-06-23T06:41:55.129
167,77.0,3,1782171716127,2026-06-23T06:41:56.127
168,78.0,3,1782171717128,2026-06-23T06:41:57.128
169,79.0,3,1782171718127,2026-06-23T06:41:58.127
170,79.0,3,1782171719128,2026-06-23T06:41:59.128
171,79.0,3,1782171720129,2026-06-23T06:42:00.129
172,80.0,3,1782171721128,2026-06-23T06:42:01.128
173,81.0,3,1782171722127,2026-06-23T06:42:02.127
174,81.0,3,1782171723128,2026-06-23T06:42:03.128
175,80.0,3,1782171724128,2026-06-23T06:42:04.128
176,78.0,3,1782171725128,2026-06-23T06:42:05.128
177,76.0,3,1782171726127,2026-06-23T06:42:06.127
178,77.0,3,1782171727128,2026-06-23T06:42:07.128
179,77.0,3,1782171728128,2026-06-23T06:42:08.128
180,77.0,3,1782171729127,2026-06-23T06:42:09.127
181,76.0,3,1782171730128,2026-06-23T06:42:10.128
182,76.0,3,1782171731128,2026-06-23T06:42:11.128
183,75.0,3,1782171732127,2026-06-23T06:42:12.127
184,74.0,3,1782171733125,2026-06-23T06:42:13.125
185,73.0,3,1782171734127,2026-06-23T06:42:14.127
186,73.0,-1,1782171735126,2026-06-23T06:42:15.126
187,73.0,3,1782171736126,2026-06-23T06:42:16.126
188,75.0,3,1782171737125,2026-06-23T06:42:17.125
189,76.0,3,1782171738127,2026-06-23T06:42:18.127
190,78.0,3,1782171739128,2026-06-23T06:42:19.128
191,79.0,3,1782171740129,2026-06-23T06:42:20.129
192,81.0,3,1782171741129,2026-06-23T06:42:21.129
193,81.0,3,1782171742128,2026-06-23T06:42:22.128
194,80.0,3,1782171743129,2026-06-23T06:42:23.129
195,82.0,3,1782171744127,2026-06-23T06:42:24.127
196,84.0,3,1782171745130,2026-06-23T06:42:25.130
197,85.0,3,1782171746128,2026-06-23T06:42:26.128
198,83.0,3,1782171747126,2026-06-23T06:42:27.126
199,81.0,3,1782171748127,2026-06-23T06:42:28.127
200,80.0,3,1782171749127,2026-06-23T06:42:29.127
201,79.0,3,1782171750129,2026-06-23T06:42:30.129
202,78.0,3,1782171751128,2026-06-23T06:42:31.128
203,79.0,3,1782171752128,2026-06-23T06:42:32.128
204,79.0,3,1782171753128,2026-06-23T06:42:33.128
205,79.0,3,1782171754127,2026-06-23T06:42:34.127
206,78.0,3,1782171755129,2026-06-23T06:42:35.129
207,79.0,3,1782171756128,2026-06-23T06:42:36.128
208,79.0,3,1782171757126,2026-06-23T06:42:37.126
209,78.0,3,1782171758129,2026-06-23T06:42:38.129
210,78.0,3,1782171759128,2026-06-23T06:42:39.128
211,77.0,3,1782171760128,2026-06-23T06:42:40.128
212,76.0,3,1782171761128,2026-06-23T06:42:41.128
213,75.0,3,1782171762127,2026-06-23T06:42:42.127
214,75.0,3,1782171763128,2026-06-23T06:42:43.128
215,74.0,3,1782171764128,2026-06-23T06:42:44.128
216,74.0,3,1782171765128,2026-06-23T06:42:45.128
217,74.0,-1,1782171766127,2026-06-23T06:42:46.127
218,72.0,3,1782171767129,2026-06-23T06:42:47.129
219,73.0,3,1782171768128,2026-06-23T06:42:48.128
220,75.0,3,1782171769128,2026-06-23T06:42:49.128
221,76.0,3,1782171770128,2026-06-23T06:42:50.128
222,77.0,3,1782171771128,2026-06-23T06:42:51.128
223,79.0,3,1782171772129,2026-06-23T06:42:52.129
224,81.0,3,1782171773125,2026-06-23T06:42:53.125
225,81.0,3,1782171774128,2026-06-23T06:42:54.128
226,81.0,3,1782171775129,2026-06-23T06:42:55.129
227,82.0,3,1782171776128,2026-06-23T06:42:56.128
228,81.0,3,1782171777129,2026-06-23T06:42:57.129
229,82.0,3,1782171778128,2026-06-23T06:42:58.128
230,81.0,3,1782171779127,2026-06-23T06:42:59.127
231,81.0,3,1782171780128,2026-06-23T06:43:00.128
232,80.0,3,1782171781128,2026-06-23T06:43:01.128
233,79.0,3,1782171782128,2026-06-23T06:43:02.128
234,83.0,3,1782171783127,2026-06-23T06:43:03.127
235,85.0,3,1782171784128,2026-06-23T06:43:04.128
236,87.0,3,1782171785127,2026-06-23T06:43:05.127
237,87.0,3,1782171786127,2026-06-23T06:43:06.127
238,86.0,3,1782171787128,2026-06-23T06:43:07.128
239,85.0,3,1782171788128,2026-06-23T06:43:08.128
240,84.0,3,1782171789128,2026-06-23T06:43:09.128
241,83.0,3,1782171790127,2026-06-23T06:43:10.127
242,84.0,3,1782171791128,2026-06-23T06:43:11.128
243,84.0,3,1782171792128,2026-06-23T06:43:12.128
244,84.0,3,1782171793128,2026-06-23T06:43:13.128
245,84.0,3,1782171794128,2026-06-23T06:43:14.128
246,84.0,3,1782171795128,2026-06-23T06:43:15.128
247,83.0,3,1782171796129,2026-06-23T06:43:16.129
248,82.0,3,1782171797129,2026-06-23T06:43:17.129
249,81.0,3,1782171798128,2026-06-23T06:43:18.128
250,80.0,3,1782171799129,2026-06-23T06:43:19.129
251,79.0,3,1782171800128,2026-06-23T06:43:20.128
252,78.0,3,1782171801128,2026-06-23T06:43:21.128
253,76.0,3,1782171802128,2026-06-23T06:43:22.128
254,76.0,3,1782171803128,2026-06-23T06:43:23.128
255,77.0,3,1782171804127,2026-06-23T06:43:24.127
256,78.0,3,1782171805128,2026-06-23T06:43:25.128
257,79.0,3,1782171806128,2026-06-23T06:43:26.128
258,80.0,3,1782171807129,2026-06-23T06:43:27.129
259,80.0,3,1782171808129,2026-06-23T06:43:28.129
260,81.0,3,1782171809128,2026-06-23T06:43:29.128
261,81.0,3,1782171810129,2026-06-23T06:43:30.129
262,81.0,3,1782171811129,2026-06-23T06:43:31.129
263,80.0,3,1782171812131,2026-06-23T06:43:32.131
264,82.0,3,1782171813128,2026-06-23T06:43:33.128
265,83.0,3,1782171814125,2026-06-23T06:43:34.125
266,84.0,3,1782171815125,2026-06-23T06:43:35.125
267,83.0,3,1782171816126,2026-06-23T06:43:36.126
268,83.0,3,1782171817125,2026-06-23T06:43:37.125
269,82.0,3,1782171818127,2026-06-23T06:43:38.127
270,82.0,3,1782171819128,2026-06-23T06:43:39.128
271,83.0,3,1782171820127,2026-06-23T06:43:40.127
272,83.0,3,1782171821128,2026-06-23T06:43:41.128
273,83.0,3,1782171822128,2026-06-23T06:43:42.128
274,84.0,3,1782171823128,2026-06-23T06:43:43.128
275,86.0,3,1782171824128,2026-06-23T06:43:44.128
276,87.0,3,1782171825127,2026-06-23T06:43:45.127
277,88.0,3,1782171826129,2026-06-23T06:43:46.129
278,89.0,3,1782171827128,2026-06-23T06:43:47.128
279,89.0,3,1782171828129,2026-06-23T06:43:48.129
280,90.0,3,1782171829127,2026-06-23T06:43:49.127
281,90.0,3,1782171830128,2026-06-23T06:43:50.128
282,89.0,3,1782171831128,2026-06-23T06:43:51.128
283,89.0,3,1782171832128,2026-06-23T06:43:52.128
284,88.0,3,1782171833128,2026-06-23T06:43:53.128
285,88.0,3,1782171834127,2026-06-23T06:43:54.127
286,88.0,3,1782171835127,2026-06-23T06:43:55.127
287,88.0,3,1782171836128,2026-06-23T06:43:56.128
288,88.0,3,1782171837132,2026-06-23T06:43:57.132
289,87.0,3,1782171838127,2026-06-23T06:43:58.127
290,87.0,3,1782171839128,2026-06-23T06:43:59.128
291,87.0,3,1782171840128,2026-06-23T06:44:00.128
292,85.0,3,1782171841129,2026-06-23T06:44:01.129
293,86.0,3,1782171842127,2026-06-23T06:44:02.127
294,86.0,3,1782171843128,2026-06-23T06:44:03.128
295,87.0,3,1782171844128,2026-06-23T06:44:04.128
296,88.0,3,1782171845129,2026-06-23T06:44:05.129
297,89.0,3,1782171846127,2026-06-23T06:44:06.127
298,89.0,3,1782171847128,2026-06-23T06:44:07.128
299,88.0,3,1782171848127,2026-06-23T06:44:08.127
300,88.0,3,1782171849133,2026-06-23T06:44:09.133
301,88.0,3,1782171850132,2026-06-23T06:44:10.132
302,88.0,3,1782171851130,2026-06-23T06:44:11.130
303,88.0,3,1782171852126,2026-06-23T06:44:12.126
304,87.0,3,1782171853126,2026-06-23T06:44:13.126
305,87.0,3,1782171854125,2026-06-23T06:44:14.125
306,86.0,3,1782171855126,2026-06-23T06:44:15.126
307,86.0,3,1782171856125,2026-06-23T06:44:16.125
308,86.0,3,1782171857125,2026-06-23T06:44:17.125
309,85.0,3,1782171858125,2026-06-23T06:44:18.125
310,85.0,3,1782171859126,2026-06-23T06:44:19.126
311,85.0,3,1782171860125,2026-06-23T06:44:20.125
312,85.0,3,1782171861126,2026-06-23T06:44:21.126
313,86.0,3,1782171862125,2026-06-23T06:44:22.125
314,87.0,3,1782171863126,2026-06-23T06:44:23.126
315,88.0,3,1782171864127,2026-06-23T06:44:24.127
316,87.0,3,1782171865125,2026-06-23T06:44:25.125
317,86.0,3,1782171866126,2026-06-23T06:44:26.126
318,85.0,3,1782171867125,2026-06-23T06:44:27.125
319,85.0,3,1782171868126,2026-06-23T06:44:28.126
320,86.0,3,1782171869127,2026-06-23T06:44:29.127
321,86.0,3,1782171870125,2026-06-23T06:44:30.125
322,85.0,3,1782171871126,2026-06-23T06:44:31.126
323,84.0,3,1782171872127,2026-06-23T06:44:32.127
324,85.0,3,1782171873125,2026-06-23T06:44:33.125
325,87.0,3,1782171874128,2026-06-23T06:44:34.128
326,88.0,3,1782171875128,2026-06-23T06:44:35.128
327,87.0,3,1782171876129,2026-06-23T06:44:36.129
328,84.0,3,1782171877131,2026-06-23T06:44:37.131
329,84.0,3,1782171878127,2026-06-23T06:44:38.127
330,85.0,3,1782171879133,2026-06-23T06:44:39.133
331,84.0,3,1782171880126,2026-06-23T06:44:40.126
332,83.0,3,1782171881126,2026-06-23T06:44:41.126
333,82.0,3,1782171882126,2026-06-23T06:44:42.126
334,82.0,3,1782171883125,2026-06-23T06:44:43.125
335,81.0,3,1782171884125,2026-06-23T06:44:44.125
336,82.0,3,1782171885125,2026-06-23T06:44:45.125
337,82.0,3,1782171886126,2026-06-23T06:44:46.126
338,83.0,3,1782171887125,2026-06-23T06:44:47.125
339,83.0,3,1782171888125,2026-06-23T06:44:48.125
340,83.0,3,1782171889126,2026-06-23T06:44:49.126
341,83.0,3,1782171890126,2026-06-23T06:44:50.126
342,82.0,3,1782171891128,2026-06-23T06:44:51.128
343,85.0,3,1782171892128,2026-06-23T06:44:52.128
344,86.0,3,1782171893127,2026-06-23T06:44:53.127
345,87.0,3,1782171894128,2026-06-23T06:44:54.128
346,86.0,3,1782171895129,2026-06-23T06:44:55.129
347,86.0,3,1782171896128,2026-06-23T06:44:56.128
348,88.0,3,1782171897128,2026-06-23T06:44:57.128
349,88.0,3,1782171898128,2026-06-23T06:44:58.128
350,88.0,3,1782171899128,2026-06-23T06:44:59.128
351,89.0,3,1782171900128,2026-06-23T06:45:00.128
352,89.0,3,1782171901128,2026-06-23T06:45:01.128
353,89.0,3,1782171902128,2026-06-23T06:45:02.128
354,89.0,3,1782171903128,2026-06-23T06:45:03.128
355,88.0,3,1782171904128,2026-06-23T06:45:04.128
356,87.0,3,1782171905128,2026-06-23T06:45:05.128
357,88.0,3,1782171906127,2026-06-23T06:45:06.127
358,89.0,3,1782171907141,2026-06-23T06:45:07.141
359,90.0,3,1782171908125,2026-06-23T06:45:08.125
360,90.0,3,1782171909126,2026-06-23T06:45:09.126
361,90.0,-1,1782171910126,2026-06-23T06:45:10.126
362,89.0,3,1782171911126,2026-06-23T06:45:11.126
363,90.0,3,1782171912125,2026-06-23T06:45:12.125
364,90.0,3,1782171913127,2026-06-23T06:45:13.127
365,89.0,3,1782171914125,2026-06-23T06:45:14.125
366,90.0,3,1782171915127,2026-06-23T06:45:15.127
367,89.0,3,1782171916128,2026-06-23T06:45:16.128
368,89.0,3,1782171917128,2026-06-23T06:45:17.128
369,90.0,3,1782171918126,2026-06-23T06:45:18.126
370,91.0,3,1782171919126,2026-06-23T06:45:19.126
371,92.0,3,1782171920125,2026-06-23T06:45:20.125
372,93.0,3,1782171921125,2026-06-23T06:45:21.125
373,93.0,3,1782171922125,2026-06-23T06:45:22.125
374,92.0,3,1782171923125,2026-06-23T06:45:23.125
375,95.0,3,1782171924126,2026-06-23T06:45:24.126
376,94.0,3,1782171925125,2026-06-23T06:45:25.125
377,94.0,3,1782171926126,2026-06-23T06:45:26.126
378,92.0,3,1782171927127,2026-06-23T06:45:27.127
379,91.0,3,1782171928127,2026-06-23T06:45:28.127
380,92.0,3,1782171929126,2026-06-23T06:45:29.126
381,93.0,3,1782171930128,2026-06-23T06:45:30.128
382,92.0,3,1782171931128,2026-06-23T06:45:31.128
383,91.0,3,1782171932127,2026-06-23T06:45:32.127
384,92.0,3,1782171933128,2026-06-23T06:45:33.128
385,92.0,3,1782171934129,2026-06-23T06:45:34.129
386,92.0,3,1782171935125,2026-06-23T06:45:35.125
387,91.0,3,1782171936129,2026-06-23T06:45:36.129
388,89.0,3,1782171937128,2026-06-23T06:45:37.128
389,88.0,3,1782171938128,2026-06-23T06:45:38.128
390,88.0,3,1782171939129,2026-06-23T06:45:39.129
391,88.0,3,1782171940130,2026-06-23T06:45:40.130
392,88.0,-1,1782171941129,2026-06-23T06:45:41.129
393,87.0,3,1782171942132,2026-06-23T06:45:42.132
394,88.0,3,1782171943130,2026-06-23T06:45:43.130
395,89.0,3,1782171944133,2026-06-23T06:45:44.133
396,90.0,3,1782171945126,2026-06-23T06:45:45.126
397,90.0,3,1782171946125,2026-06-23T06:45:46.125
398,91.0,3,1782171947125,2026-06-23T06:45:47.125
399,90.0,3,1782171948125,2026-06-23T06:45:48.125
400,87.0,3,1782171949125,2026-06-23T06:45:49.125
401,84.0,3,1782171950125,2026-06-23T06:45:50.125
402,82.0,3,1782171951127,2026-06-23T06:45:51.127
403,80.0,3,1782171952128,2026-06-23T06:45:52.128
404,81.0,3,1782171953126,2026-06-23T06:45:53.126
405,81.0,3,1782171954128,2026-06-23T06:45:54.128
406,80.0,3,1782171955128,2026-06-23T06:45:55.128
407,80.0,3,1782171956128,2026-06-23T06:45:56.128
408,81.0,3,1782171957128,2026-06-23T06:45:57.128
409,81.0,3,1782171958128,2026-06-23T06:45:58.128
410,80.0,3,1782171959128,2026-06-23T06:45:59.128
411,79.0,3,1782171960128,2026-06-23T06:46:00.128
412,79.0,3,1782171961127,2026-06-23T06:46:01.127
413,79.0,3,1782171962128,2026-06-23T06:46:02.128
414,79.0,3,1782171963128,2026-06-23T06:46:03.128
415,80.0,3,1782171964128,2026-06-23T06:46:04.128
416,81.0,3,1782171965129,2026-06-23T06:46:05.129
417,82.0,3,1782171966129,2026-06-23T06:46:06.129
418,83.0,3,1782171967127,2026-06-23T06:46:07.127
419,85.0,3,1782171968128,2026-06-23T06:46:08.128
420,86.0,3,1782171969127,2026-06-23T06:46:09.127
421,87.0,3,1782171970128,2026-06-23T06:46:10.128
422,86.0,3,1782171971128,2026-06-23T06:46:11.128
423,86.0,3,1782171972128,2026-06-23T06:46:12.128
424,85.0,3,1782171973128,2026-06-23T06:46:13.128
425,84.0,3,1782171974127,2026-06-23T06:46:14.127
426,84.0,3,1782171975128,2026-06-23T06:46:15.128
427,83.0,3,1782171976127,2026-06-23T06:46:16.127
428,83.0,3,1782171977128,2026-06-23T06:46:17.128
429,83.0,3,1782171978128,2026-06-23T06:46:18.128
430,83.0,3,1782171979127,2026-06-23T06:46:19.127
431,83.0,3,1782171980128,2026-06-23T06:46:20.128
432,85.0,3,1782171981128,2026-06-23T06:46:21.128
433,85.0,3,1782171982127,2026-06-23T06:46:22.127
434,84.0,3,1782171983128,2026-06-23T06:46:23.128
435,84.0,3,1782171984126,2026-06-23T06:46:24.126
436,83.0,3,1782171985126,2026-06-23T06:46:25.126
437,83.0,3,1782171986125,2026-06-23T06:46:26.125
438,83.0,3,1782171987125,2026-06-23T06:46:27.125
439,84.0,3,1782171988125,2026-06-23T06:46:28.125
440,83.0,3,1782171989127,2026-06-23T06:46:29.127
441,83.0,3,1782171990125,2026-06-23T06:46:30.125
442,84.0,3,1782171991128,2026-06-23T06:46:31.128
443,85.0,3,1782171992130,2026-06-23T06:46:32.130
444,84.0,3,1782171993130,2026-06-23T06:46:33.130
445,84.0,3,1782171994125,2026-06-23T06:46:34.125
446,83.0,3,1782171995125,2026-06-23T06:46:35.125
447,83.0,3,1782171996126,2026-06-23T06:46:36.126
448,84.0,3,1782171997125,2026-06-23T06:46:37.125
449,84.0,3,1782171998125,2026-06-23T06:46:38.125
450,85.0,3,1782171999125,2026-06-23T06:46:39.125
451,86.0,3,1782172000126,2026-06-23T06:46:40.126
452,86.0,3,1782172001126,2026-06-23T06:46:41.126
453,88.0,3,1782172002126,2026-06-23T06:46:42.126
454,90.0,3,1782172003126,2026-06-23T06:46:43.126
455,89.0,3,1782172004127,2026-06-23T06:46:44.127
456,91.0,3,1782172005125,2026-06-23T06:46:45.125
457,90.0,3,1782172006127,2026-06-23T06:46:46.127
458,89.0,3,1782172007128,2026-06-23T06:46:47.128
459,88.0,3,1782172008128,2026-06-23T06:46:48.128
460,88.0,3,1782172009128,2026-06-23T06:46:49.128
461,88.0,3,1782172010128,2026-06-23T06:46:50.128
462,90.0,3,1782172011128,2026-06-23T06:46:51.128
463,90.0,3,1782172012128,2026-06-23T06:46:52.128
464,88.0,3,1782172013128,2026-06-23T06:46:53.128
465,88.0,3,1782172014127,2026-06-23T06:46:54.127
466,86.0,3,1782172015129,2026-06-23T06:46:55.129
467,86.0,3,1782172016128,2026-06-23T06:46:56.128
468,86.0,3,1782172017128,2026-06-23T06:46:57.128
469,86.0,3,1782172018130,2026-06-23T06:46:58.130
470,84.0,3,1782172019129,2026-06-23T06:46:59.129
471,81.0,3,1782172020128,2026-06-23T06:47:00.128
472,79.0,3,1782172021128,2026-06-23T06:47:01.128
473,78.0,3,1782172022128,2026-06-23T06:47:02.128
474,78.0,3,1782172023128,2026-06-23T06:47:03.128
475,79.0,3,1782172024128,2026-06-23T06:47:04.128
476,80.0,3,1782172025128,2026-06-23T06:47:05.128
477,80.0,3,1782172026128,2026-06-23T06:47:06.128
478,80.0,3,1782172027128,2026-06-23T06:47:07.128
479,80.0,3,1782172028128,2026-06-23T06:47:08.128
480,79.0,3,1782172029127,2026-06-23T06:47:09.127
481,79.0,3,1782172030128,2026-06-23T06:47:10.128
482,80.0,3,1782172031128,2026-06-23T06:47:11.128
483,81.0,3,1782172032127,2026-06-23T06:47:12.127
484,82.0,3,1782172033128,2026-06-23T06:47:13.128
485,83.0,3,1782172034129,2026-06-23T06:47:14.129
486,84.0,3,1782172035128,2026-06-23T06:47:15.128
487,84.0,3,1782172036127,2026-06-23T06:47:16.127
488,85.0,3,1782172037128,2026-06-23T06:47:17.128
489,85.0,3,1782172038129,2026-06-23T06:47:18.129
490,84.0,3,1782172039128,2026-06-23T06:47:19.128
491,84.0,3,1782172040129,2026-06-23T06:47:20.129
492,84.0,3,1782172041129,2026-06-23T06:47:21.129
493,84.0,-1,1782172042127,2026-06-23T06:47:22.127
494,85.0,3,1782172043125,2026-06-23T06:47:23.125
495,87.0,3,1782172044126,2026-06-23T06:47:24.126
496,88.0,3,1782172045125,2026-06-23T06:47:25.125
497,87.0,3,1782172046127,2026-06-23T06:47:26.127
498,86.0,3,1782172047126,2026-06-23T06:47:27.126
499,86.0,3,1782172048125,2026-06-23T06:47:28.125
500,86.0,3,1782172049126,2026-06-23T06:47:29.126
501,86.0,3,1782172050125,2026-06-23T06:47:30.125
502,86.0,3,1782172051126,2026-06-23T06:47:31.126
503,87.0,3,1782172052125,2026-06-23T06:47:32.125
504,87.0,3,1782172053128,2026-06-23T06:47:33.128
505,88.0,3,1782172054127,2026-06-23T06:47:34.127
506,88.0,3,1782172055128,2026-06-23T06:47:35.128
507,87.0,3,1782172056127,2026-06-23T06:47:36.127
508,88.0,3,1782172057128,2026-06-23T06:47:37.128
509,88.0,3,1782172058128,2026-06-23T06:47:38.128
510,89.0,3,1782172059128,2026-06-23T06:47:39.128
511,88.0,3,1782172060128,2026-06-23T06:47:40.128
512,87.0,3,1782172061128,2026-06-23T06:47:41.128
513,86.0,3,1782172062128,2026-06-23T06:47:42.128
514,84.0,3,1782172063127,2026-06-23T06:47:43.127
515,83.0,3,1782172064128,2026-06-23T06:47:44.128
516,83.0,3,1782172065128,2026-06-23T06:47:45.128
517,83.0,3,1782172066128,2026-06-23T06:47:46.128
518,84.0,3,1782172067128,2026-06-23T06:47:47.128
519,83.0,3,1782172068128,2026-06-23T06:47:48.128
520,84.0,3,1782172069224,2026-06-23T06:47:49.224
521,85.0,3,1782172070129,2026-06-23T06:47:50.129
522,86.0,3,1782172071132,2026-06-23T06:47:51.132
523,86.0,3,1782172072131,2026-06-23T06:47:52.131
524,86.0,-1,1782172073133,2026-06-23T06:47:53.133
525,87.0,3,1782172074132,2026-06-23T06:47:54.132
526,87.0,3,1782172075139,2026-06-23T06:47:55.139
527,87.0,3,1782172076126,2026-06-23T06:47:56.126
528,87.0,3,1782172077129,2026-06-23T06:47:57.129
529,88.0,3,1782172078128,2026-06-23T06:47:58.128
530,89.0,3,1782172079127,2026-06-23T06:47:59.127
531,89.0,3,1782172080127,2026-06-23T06:48:00.127
532,90.0,3,1782172081129,2026-06-23T06:48:01.129
533,89.0,3,1782172082127,2026-06-23T06:48:02.127
534,88.0,3,1782172083128,2026-06-23T06:48:03.128
535,87.0,3,1782172084128,2026-06-23T06:48:04.128
536,86.0,3,1782172085128,2026-06-23T06:48:05.128
537,86.0,3,1782172086127,2026-06-23T06:48:06.127
538,86.0,3,1782172087127,2026-06-23T06:48:07.127
539,87.0,3,1782172088128,2026-06-23T06:48:08.128
540,86.0,3,1782172089127,2026-06-23T06:48:09.127
541,87.0,3,1782172090128,2026-06-23T06:48:10.128
542,87.0,3,1782172091127,2026-06-23T06:48:11.127
543,87.0,3,1782172092128,2026-06-23T06:48:12.128
544,87.0,3,1782172093128,2026-06-23T06:48:13.128
545,88.0,3,1782172094129,2026-06-23T06:48:14.129
546,87.0,3,1782172095129,2026-06-23T06:48:15.129
547,88.0,3,1782172096128,2026-06-23T06:48:16.128
548,88.0,3,1782172097127,2026-06-23T06:48:17.127
549,88.0,3,1782172098128,2026-06-23T06:48:18.128
550,89.0,3,1782172099128,2026-06-23T06:48:19.128
551,90.0,3,1782172100128,2026-06-23T06:48:20.128
552,90.0,3,1782172101128,2026-06-23T06:48:21.128
553,89.0,3,1782172102128,2026-06-23T06:48:22.128
554,88.0,3,1782172103128,2026-06-23T06:48:23.128
555,88.0,3,1782172104128,2026-06-23T06:48:24.128
556,88.0,3,1782172105128,2026-06-23T06:48:25.128
557,87.0,3,1782172106129,2026-06-23T06:48:26.129
558,85.0,3,1782172107127,2026-06-23T06:48:27.127
559,84.0,3,1782172108127,2026-06-23T06:48:28.127
560,83.0,3,1782172109132,2026-06-23T06:48:29.132
561,81.0,3,1782172110128,2026-06-23T06:48:30.128
562,80.0,3,1782172111129,2026-06-23T06:48:31.129
563,80.0,3,1782172112128,2026-06-23T06:48:32.128
564,81.0,3,1782172113128,2026-06-23T06:48:33.128
565,82.0,3,1782172114127,2026-06-23T06:48:34.127
566,83.0,3,1782172115127,2026-06-23T06:48:35.127
567,85.0,3,1782172116126,2026-06-23T06:48:36.126
568,87.0,3,1782172117126,2026-06-23T06:48:37.126
569,88.0,3,1782172118127,2026-06-23T06:48:38.127
570,87.0,3,1782172119128,2026-06-23T06:48:39.128
571,87.0,3,1782172120129,2026-06-23T06:48:40.129
572,86.0,3,1782172121128,2026-06-23T06:48:41.128
573,85.0,3,1782172122128,2026-06-23T06:48:42.128
574,84.0,3,1782172123128,2026-06-23T06:48:43.128
575,84.0,3,1782172124128,2026-06-23T06:48:44.128
576,84.0,3,1782172125128,2026-06-23T06:48:45.128
577,84.0,3,1782172126128,2026-06-23T06:48:46.128
578,84.0,3,1782172127129,2026-06-23T06:48:47.129
579,84.0,3,1782172128127,2026-06-23T06:48:48.127
580,84.0,3,1782172129126,2026-06-23T06:48:49.126
581,84.0,3,1782172130128,2026-06-23T06:48:50.128
582,85.0,3,1782172131128,2026-06-23T06:48:51.128
583,86.0,3,1782172132128,2026-06-23T06:48:52.128
584,86.0,3,1782172133128,2026-06-23T06:48:53.128
585,86.0,3,1782172134126,2026-06-23T06:48:54.126
586,86.0,3,1782172135128,2026-06-23T06:48:55.128
587,86.0,3,1782172136128,2026-06-23T06:48:56.128
588,86.0,3,1782172137128,2026-06-23T06:48:57.128
589,86.0,3,1782172138128,2026-06-23T06:48:58.128
590,86.0,3,1782172139125,2026-06-23T06:48:59.125
591,87.0,3,1782172140127,2026-06-23T06:49:00.127
592,87.0,3,1782172141129,2026-06-23T06:49:01.129
593,88.0,3,1782172142131,2026-06-23T06:49:02.131
594,88.0,3,1782172143133,2026-06-23T06:49:03.133
595,88.0,3,1782172144131,2026-06-23T06:49:04.131
596,87.0,3,1782172145125,2026-06-23T06:49:05.125
597,87.0,3,1782172146125,2026-06-23T06:49:06.125
598,87.0,3,1782172147126,2026-06-23T06:49:07.126
599,87.0,3,1782172148126,2026-06-23T06:49:08.126
600,86.0,3,1782172149126,2026-06-23T06:49:09.126
601,86.0,3,1782172150125,2026-06-23T06:49:10.125
602,87.0,3,1782172151125,2026-06-23T06:49:11.125
603,88.0,3,1782172152127,2026-06-23T06:49:12.127
604,88.0,3,1782172153126,2026-06-23T06:49:13.126
605,87.0,3,1782172154126,2026-06-23T06:49:14.126
606,87.0,3,1782172155126,2026-06-23T06:49:15.126
607,86.0,3,1782172156126,2026-06-23T06:49:16.126
608,85.0,3,1782172157125,2026-06-23T06:49:17.125
609,84.0,3,1782172158125,2026-06-23T06:49:18.125
610,84.0,3,1782172159125,2026-06-23T06:49:19.125
611,83.0,3,1782172160125,2026-06-23T06:49:20.125
612,83.0,3,1782172161125,2026-06-23T06:49:21.125
613,82.0,3,1782172162126,2026-06-23T06:49:22.126
614,83.0,3,1782172163127,2026-06-23T06:49:23.127
615,82.0,3,1782172164125,2026-06-23T06:49:24.125
616,84.0,3,1782172165126,2026-06-23T06:49:25.126
617,84.0,3,1782172166126,2026-06-23T06:49:26.126
618,83.0,3,1782172167126,2026-06-23T06:49:27.126
619,83.0,3,1782172168127,2026-06-23T06:49:28.127
620,84.0,3,1782172169126,2026-06-23T06:49:29.126
621,86.0,3,1782172170128,2026-06-23T06:49:30.128
622,86.0,3,1782172171127,2026-06-23T06:49:31.127
623,88.0,3,1782172172129,2026-06-23T06:49:32.129
624,90.0,3,1782172173129,2026-06-23T06:49:33.129
625,90.0,3,1782172174128,2026-06-23T06:49:34.128
626,90.0,3,1782172175127,2026-06-23T06:49:35.127
627,89.0,3,1782172176128,2026-06-23T06:49:36.128
628,88.0,3,1782172177127,2026-06-23T06:49:37.127
629,87.0,3,1782172178127,2026-06-23T06:49:38.127
630,86.0,3,1782172179129,2026-06-23T06:49:39.129
631,87.0,3,1782172180129,2026-06-23T06:49:40.129
632,88.0,3,1782172181128,2026-06-23T06:49:41.128
633,87.0,3,1782172182127,2026-06-23T06:49:42.127
634,86.0,3,1782172183128,2026-06-23T06:49:43.128
635,86.0,3,1782172184128,2026-06-23T06:49:44.128
636,86.0,3,1782172185128,2026-06-23T06:49:45.128
637,87.0,3,1782172186128,2026-06-23T06:49:46.128
638,88.0,3,1782172187128,2026-06-23T06:49:47.128
639,88.0,3,1782172188128,2026-06-23T06:49:48.128
640,88.0,3,1782172189126,2026-06-23T06:49:49.126
641,89.0,3,1782172190128,2026-06-23T06:49:50.128
642,88.0,3,1782172191128,2026-06-23T06:49:51.128
643,88.0,3,1782172192127,2026-06-23T06:49:52.127
644,89.0,3,1782172193128,2026-06-23T06:49:53.128
645,88.0,3,1782172194128,2026-06-23T06:49:54.128
646,88.0,3,1782172195128,2026-06-23T06:49:55.128
647,89.0,3,1782172196127,2026-06-23T06:49:56.127
648,90.0,3,1782172197128,2026-06-23T06:49:57.128
649,91.0,3,1782172198128,2026-06-23T06:49:58.128
650,91.0,3,1782172199128,2026-06-23T06:49:59.128
651,90.0,3,1782172200128,2026-06-23T06:50:00.128
652,89.0,3,1782172201128,2026-06-23T06:50:01.128
653,90.0,3,1782172202128,2026-06-23T06:50:02.128
654,91.0,3,1782172203127,2026-06-23T06:50:03.127
655,91.0,3,1782172204131,2026-06-23T06:50:04.131
656,92.0,3,1782172205127,2026-06-23T06:50:05.127
657,93.0,3,1782172206130,2026-06-23T06:50:06.130
658,93.0,3,1782172207129,2026-06-23T06:50:07.129
659,91.0,3,1782172208130,2026-06-23T06:50:08.130
660,90.0,3,1782172209132,2026-06-23T06:50:09.132
661,90.0,3,1782172210126,2026-06-23T06:50:10.126
662,88.0,3,1782172211128,2026-06-23T06:50:11.128
663,87.0,3,1782172212127,2026-06-23T06:50:12.127
664,87.0,3,1782172213128,2026-06-23T06:50:13.128
665,87.0,3,1782172214128,2026-06-23T06:50:14.128
666,86.0,3,1782172215128,2026-06-23T06:50:15.128
667,86.0,3,1782172216128,2026-06-23T06:50:16.128
668,87.0,3,1782172217128,2026-06-23T06:50:17.128
669,87.0,3,1782172218127,2026-06-23T06:50:18.127
670,87.0,3,1782172219128,2026-06-23T06:50:19.128
671,87.0,3,1782172220128,2026-06-23T06:50:20.128
672,87.0,3,1782172221128,2026-06-23T06:50:21.128
673,87.0,3,1782172222127,2026-06-23T06:50:22.127
674,87.0,3,1782172223128,2026-06-23T06:50:23.128
675,87.0,3,1782172224128,2026-06-23T06:50:24.128
676,87.0,3,1782172225128,2026-06-23T06:50:25.128
677,87.0,3,1782172226128,2026-06-23T06:50:26.128
678,86.0,3,1782172227129,2026-06-23T06:50:27.129
679,86.0,3,1782172228129,2026-06-23T06:50:28.129
680,87.0,3,1782172229129,2026-06-23T06:50:29.129
681,87.0,3,1782172230128,2026-06-23T06:50:30.128
682,88.0,3,1782172231128,2026-06-23T06:50:31.128
683,88.0,3,1782172232128,2026-06-23T06:50:32.128
684,88.0,3,1782172233127,2026-06-23T06:50:33.127
685,88.0,3,1782172234125,2026-06-23T06:50:34.125
686,88.0,3,1782172235125,2026-06-23T06:50:35.125
687,89.0,3,1782172236125,2026-06-23T06:50:36.125
688,89.0,3,1782172237125,2026-06-23T06:50:37.125
689,89.0,3,1782172238125,2026-06-23T06:50:38.125
690,88.0,3,1782172239125,2026-06-23T06:50:39.125
691,89.0,3,1782172240126,2026-06-23T06:50:40.126
692,88.0,3,1782172241126,2026-06-23T06:50:41.126
693,90.0,3,1782172242126,2026-06-23T06:50:42.126
694,91.0,3,1782172243126,2026-06-23T06:50:43.126
695,92.0,3,1782172244125,2026-06-23T06:50:44.125
696,91.0,3,1782172245126,2026-06-23T06:50:45.126
697,90.0,3,1782172246125,2026-06-23T06:50:46.125
698,90.0,3,1782172247126,2026-06-23T06:50:47.126
699,89.0,3,1782172248126,2026-06-23T06:50:48.126
700,88.0,3,1782172249128,2026-06-23T06:50:49.128
701,87.0,3,1782172250127,2026-06-23T06:50:50.127
702,85.0,3,1782172251129,2026-06-23T06:50:51.129
703,84.0,3,1782172252128,2026-06-23T06:50:52.128
704,84.0,3,1782172253127,2026-06-23T06:50:53.127
705,83.0,3,1782172254128,2026-06-23T06:50:54.128
706,83.0,3,1782172255128,2026-06-23T06:50:55.128
707,83.0,3,1782172256127,2026-06-23T06:50:56.127
708,83.0,3,1782172257128,2026-06-23T06:50:57.128
709,83.0,3,1782172258129,2026-06-23T06:50:58.129
710,82.0,3,1782172259128,2026-06-23T06:50:59.128
711,83.0,3,1782172260127,2026-06-23T06:51:00.127
712,83.0,3,1782172261127,2026-06-23T06:51:01.127
713,82.0,3,1782172262128,2026-06-23T06:51:02.128
714,82.0,3,1782172263128,2026-06-23T06:51:03.128
715,82.0,3,1782172264127,2026-06-23T06:51:04.127
716,82.0,3,1782172265129,2026-06-23T06:51:05.129
717,81.0,3,1782172266128,2026-06-23T06:51:06.128
718,81.0,3,1782172267128,2026-06-23T06:51:07.128
719,82.0,3,1782172268128,2026-06-23T06:51:08.128
720,82.0,3,1782172269127,2026-06-23T06:51:09.127
721,82.0,3,1782172270128,2026-06-23T06:51:10.128
722,81.0,3,1782172271128,2026-06-23T06:51:11.128
723,82.0,3,1782172272128,2026-06-23T06:51:12.128
724,82.0,3,1782172273127,2026-06-23T06:51:13.127
725,82.0,3,1782172274127,2026-06-23T06:51:14.127
726,81.0,3,1782172275127,2026-06-23T06:51:15.127
727,81.0,3,1782172276129,2026-06-23T06:51:16.129
728,80.0,3,1782172277128,2026-06-23T06:51:17.128
729,80.0,3,1782172278128,2026-06-23T06:51:18.128
730,80.0,3,1782172279128,2026-06-23T06:51:19.128
731,80.0,3,1782172280128,2026-06-23T06:51:20.128
732,80.0,3,1782172281129,2026-06-23T06:51:21.129
733,80.0,3,1782172282128,2026-06-23T06:51:22.128
734,80.0,3,1782172283127,2026-06-23T06:51:23.127
735,80.0,3,1782172284129,2026-06-23T06:51:24.129
736,81.0,3,1782172285128,2026-06-23T06:51:25.128
737,81.0,3,1782172286127,2026-06-23T06:51:26.127
738,81.0,3,1782172287179,2026-06-23T06:51:27.179
739,81.0,3,1782172288127,2026-06-23T06:51:28.127
740,82.0,3,1782172289127,2026-06-23T06:51:29.127
741,81.0,3,1782172290125,2026-06-23T06:51:30.125
742,82.0,3,1782172291127,2026-06-23T06:51:31.127
743,82.0,3,1782172292126,2026-06-23T06:51:32.126
744,83.0,3,1782172293125,2026-06-23T06:51:33.125
745,81.0,3,1782172294128,2026-06-23T06:51:34.128
746,80.0,3,1782172295126,2026-06-23T06:51:35.126
747,82.0,3,1782172296128,2026-06-23T06:51:36.128
748,84.0,3,1782172297127,2026-06-23T06:51:37.127
749,85.0,3,1782172298128,2026-06-23T06:51:38.128
750,87.0,3,1782172299128,2026-06-23T06:51:39.128
751,89.0,3,1782172300128,2026-06-23T06:51:40.128
752,90.0,3,1782172301128,2026-06-23T06:51:41.128
753,90.0,3,1782172302128,2026-06-23T06:51:42.128
754,90.0,3,1782172303129,2026-06-23T06:51:43.129
755,89.0,3,1782172304128,2026-06-23T06:51:44.128
756,89.0,3,1782172305129,2026-06-23T06:51:45.129
757,88.0,3,1782172306128,2026-06-23T06:51:46.128
758,88.0,3,1782172307128,2026-06-23T06:51:47.128
759,89.0,3,1782172308127,2026-06-23T06:51:48.127
760,90.0,3,1782172309127,2026-06-23T06:51:49.127
761,90.0,3,1782172310130,2026-06-23T06:51:50.130
762,89.0,3,1782172311129,2026-06-23T06:51:51.129
763,88.0,3,1782172312130,2026-06-23T06:51:52.130
764,88.0,3,1782172313126,2026-06-23T06:51:53.126
765,88.0,3,1782172314128,2026-06-23T06:51:54.128
766,87.0,3,1782172315128,2026-06-23T06:51:55.128
767,86.0,3,1782172316128,2026-06-23T06:51:56.128
768,85.0,3,1782172317129,2026-06-23T06:51:57.129
769,87.0,3,1782172318128,2026-06-23T06:51:58.128
770,88.0,3,1782172319129,2026-06-23T06:51:59.129
771,88.0,3,1782172320128,2026-06-23T06:52:00.128
772,89.0,3,1782172321128,2026-06-23T06:52:01.128
773,90.0,3,1782172322128,2026-06-23T06:52:02.128
774,89.0,3,1782172323129,2026-06-23T06:52:03.129
775,89.0,3,1782172324128,2026-06-23T06:52:04.128
776,87.0,3,1782172325128,2026-06-23T06:52:05.128
777,85.0,3,1782172326128,2026-06-23T06:52:06.128
778,84.0,3,1782172327129,2026-06-23T06:52:07.129
779,82.0,3,1782172328128,2026-06-23T06:52:08.128
780,82.0,3,1782172329127,2026-06-23T06:52:09.127
781,81.0,3,1782172330128,2026-06-23T06:52:10.128
782,81.0,3,1782172331128,2026-06-23T06:52:11.128
783,81.0,3,1782172332128,2026-06-23T06:52:12.128
784,81.0,3,1782172333128,2026-06-23T06:52:13.128
785,80.0,3,1782172334128,2026-06-23T06:52:14.128
786,80.0,3,1782172335129,2026-06-23T06:52:15.129
787,80.0,3,1782172336128,2026-06-23T06:52:16.128
788,80.0,3,1782172337128,2026-06-23T06:52:17.128
789,80.0,3,1782172338128,2026-06-23T06:52:18.128
790,80.0,3,1782172339128,2026-06-23T06:52:19.128
791,80.0,3,1782172340129,2026-06-23T06:52:20.129
792,80.0,3,1782172341129,2026-06-23T06:52:21.129
793,80.0,3,1782172342128,2026-06-23T06:52:22.128
794,80.0,3,1782172343127,2026-06-23T06:52:23.127
795,80.0,3,1782172344128,2026-06-23T06:52:24.128
796,80.0,3,1782172345128,2026-06-23T06:52:25.128
797,80.0,3,1782172346128,2026-06-23T06:52:26.128
798,80.0,3,1782172347127,2026-06-23T06:52:27.127
799,80.0,3,1782172348129,2026-06-23T06:52:28.129
800,80.0,3,1782172349128,2026-06-23T06:52:29.128
801,80.0,3,1782172350128,2026-06-23T06:52:30.128
802,80.0,3,1782172351128,2026-06-23T06:52:31.128
803,80.0,3,1782172352128,2026-06-23T06:52:32.128
804,80.0,3,1782172353129,2026-06-23T06:52:33.129
805,80.0,3,1782172354128,2026-06-23T06:52:34.128
806,80.0,3,1782172355129,2026-06-23T06:52:35.129
807,80.0,3,1782172356128,2026-06-23T06:52:36.128
808,80.0,3,1782172357128,2026-06-23T06:52:37.128
809,81.0,3,1782172358129,2026-06-23T06:52:38.129
810,81.0,3,1782172359128,2026-06-23T06:52:39.128
811,80.0,3,1782172360128,2026-06-23T06:52:40.128
812,80.0,3,1782172361128,2026-06-23T06:52:41.128
813,80.0,3,1782172362128,2026-06-23T06:52:42.128
814,80.0,3,1782172363128,2026-06-23T06:52:43.128
815,80.0,3,1782172364128,2026-06-23T06:52:44.128
816,80.0,3,1782172365126,2026-06-23T06:52:45.126
817,80.0,3,1782172366129,2026-06-23T06:52:46.129
818,81.0,3,1782172367129,2026-06-23T06:52:47.129
819,81.0,3,1782172368128,2026-06-23T06:52:48.128
820,83.0,3,1782172369128,2026-06-23T06:52:49.128
821,83.0,3,1782172370126,2026-06-23T06:52:50.126
822,84.0,3,1782172371128,2026-06-23T06:52:51.128
823,84.0,3,1782172372127,2026-06-23T06:52:52.127
824,83.0,3,1782172373127,2026-06-23T06:52:53.127
825,82.0,3,1782172374127,2026-06-23T06:52:54.127
826,82.0,3,1782172375126,2026-06-23T06:52:55.126
827,82.0,3,1782172376127,2026-06-23T06:52:56.127
828,82.0,3,1782172377127,2026-06-23T06:52:57.127
829,83.0,3,1782172378129,2026-06-23T06:52:58.129
830,84.0,3,1782172379128,2026-06-23T06:52:59.128
831,85.0,3,1782172380127,2026-06-23T06:53:00.127
832,86.0,3,1782172381129,2026-06-23T06:53:01.129
833,85.0,3,1782172382128,2026-06-23T06:53:02.128
834,84.0,3,1782172383128,2026-06-23T06:53:03.128
835,85.0,3,1782172384128,2026-06-23T06:53:04.128
836,86.0,3,1782172385128,2026-06-23T06:53:05.128
837,87.0,3,1782172386128,2026-06-23T06:53:06.128
838,87.0,3,1782172387128,2026-06-23T06:53:07.128
839,87.0,3,1782172388128,2026-06-23T06:53:08.128
840,87.0,3,1782172389128,2026-06-23T06:53:09.128
841,86.0,3,1782172390128,2026-06-23T06:53:10.128
842,85.0,3,1782172391128,2026-06-23T06:53:11.128
843,86.0,3,1782172392128,2026-06-23T06:53:12.128
844,86.0,3,1782172393127,2026-06-23T06:53:13.127
845,85.0,3,1782172394129,2026-06-23T06:53:14.129
846,84.0,3,1782172395128,2026-06-23T06:53:15.128
847,83.0,3,1782172396129,2026-06-23T06:53:16.129
848,82.0,3,1782172397128,2026-06-23T06:53:17.128
849,82.0,3,1782172398128,2026-06-23T06:53:18.128
850,82.0,3,1782172399129,2026-06-23T06:53:19.129
851,82.0,3,1782172400128,2026-06-23T06:53:20.128
852,82.0,3,1782172401128,2026-06-23T06:53:21.128
853,82.0,3,1782172402128,2026-06-23T06:53:22.128
854,82.0,3,1782172403126,2026-06-23T06:53:23.126
855,82.0,3,1782172404128,2026-06-23T06:53:24.128
856,82.0,3,1782172405128,2026-06-23T06:53:25.128
857,83.0,3,1782172406128,2026-06-23T06:53:26.128
858,83.0,3,1782172407128,2026-06-23T06:53:27.128
859,83.0,3,1782172408127,2026-06-23T06:53:28.127
860,84.0,3,1782172409127,2026-06-23T06:53:29.127
861,85.0,3,1782172410128,2026-06-23T06:53:30.128
862,85.0,3,1782172411128,2026-06-23T06:53:31.128
863,85.0,3,1782172412127,2026-06-23T06:53:32.127
864,85.0,3,1782172413128,2026-06-23T06:53:33.128
865,85.0,3,1782172414128,2026-06-23T06:53:34.128
866,86.0,3,1782172415127,2026-06-23T06:53:35.127
867,86.0,3,1782172416128,2026-06-23T06:53:36.128
868,86.0,3,1782172417129,2026-06-23T06:53:37.129
869,87.0,3,1782172418128,2026-06-23T06:53:38.128
870,87.0,3,1782172419128,2026-06-23T06:53:39.128
871,87.0,3,1782172420128,2026-06-23T06:53:40.128
872,86.0,3,1782172421128,2026-06-23T06:53:41.128
873,86.0,3,1782172422128,2026-06-23T06:53:42.128
874,86.0,3,1782172423128,2026-06-23T06:53:43.128
875,86.0,3,1782172424128,2026-06-23T06:53:44.128
876,85.0,3,1782172425128,2026-06-23T06:53:45.128
877,85.0,3,1782172426128,2026-06-23T06:53:46.128
878,85.0,3,1782172427128,2026-06-23T06:53:47.128
879,84.0,3,1782172428127,2026-06-23T06:53:48.127
880,85.0,3,1782172429128,2026-06-23T06:53:49.128
881,84.0,3,1782172430128,2026-06-23T06:53:50.128
882,83.0,3,1782172431129,2026-06-23T06:53:51.129
883,83.0,3,1782172432128,2026-06-23T06:53:52.128
884,82.0,3,1782172433128,2026-06-23T06:53:53.128
885,83.0,3,1782172434128,2026-06-23T06:53:54.128
886,83.0,3,1782172435128,2026-06-23T06:53:55.128
887,84.0,3,1782172436128,2026-06-23T06:53:56.128
888,85.0,3,1782172437128,2026-06-23T06:53:57.128
889,86.0,3,1782172438127,2026-06-23T06:53:58.127
890,86.0,3,1782172439128,2026-06-23T06:53:59.128
891,87.0,3,1782172440128,2026-06-23T06:54:00.128
892,88.0,3,1782172441128,2026-06-23T06:54:01.128
893,87.0,3,1782172442128,2026-06-23T06:54:02.128
894,87.0,3,1782172443128,2026-06-23T06:54:03.128
895,87.0,3,1782172444128,2026-06-23T06:54:04.128
896,87.0,3,1782172445128,2026-06-23T06:54:05.128
897,88.0,3,1782172446128,2026-06-23T06:54:06.128
898,88.0,3,1782172447128,2026-06-23T06:54:07.128
899,88.0,3,1782172448128,2026-06-23T06:54:08.128
900,89.0,3,1782172449128,2026-06-23T06:54:09.128
901,90.0,3,1782172450128,2026-06-23T06:54:10.128
902,89.0,3,1782172451128,2026-06-23T06:54:11.128
903,90.0,3,1782172452128,2026-06-23T06:54:12.128
904,90.0,3,1782172453128,2026-06-23T06:54:13.128
905,89.0,3,1782172454128,2026-06-23T06:54:14.128
906,89.0,3,1782172455127,2026-06-23T06:54:15.127
907,88.0,3,1782172456128,2026-06-23T06:54:16.128
908,90.0,3,1782172457128,2026-06-23T06:54:17.128
909,91.0,3,1782172458128,2026-06-23T06:54:18.128
910,93.0,3,1782172459128,2026-06-23T06:54:19.128
911,91.0,3,1782172460128,2026-06-23T06:54:20.128
912,90.0,3,1782172461129,2026-06-23T06:54:21.129
913,90.0,3,1782172462127,2026-06-23T06:54:22.127
914,91.0,3,1782172463126,2026-06-23T06:54:23.126
915,92.0,3,1782172464129,2026-06-23T06:54:24.129
916,92.0,3,1782172465128,2026-06-23T06:54:25.128
917,93.0,3,1782172466127,2026-06-23T06:54:26.127
918,92.0,3,1782172467128,2026-06-23T06:54:27.128
919,92.0,3,1782172468128,2026-06-23T06:54:28.128
920,92.0,3,1782172469127,2026-06-23T06:54:29.127
921,92.0,3,1782172470127,2026-06-23T06:54:30.127
922,92.0,3,1782172471128,2026-06-23T06:54:31.128
923,91.0,3,1782172472128,2026-06-23T06:54:32.128
924,90.0,3,1782172473128,2026-06-23T06:54:33.128
925,89.0,3,1782172474128,2026-06-23T06:54:34.128
926,88.0,3,1782172475128,2026-06-23T06:54:35.128
927,87.0,3,1782172476128,2026-06-23T06:54:36.128
928,86.0,3,1782172477128,2026-06-23T06:54:37.128
929,85.0,3,1782172478128,2026-06-23T06:54:38.128
930,84.0,3,1782172479128,2026-06-23T06:54:39.128
931,85.0,3,1782172480128,2026-06-23T06:54:40.128
932,86.0,3,1782172481126,2026-06-23T06:54:41.126
933,85.0,3,1782172482125,2026-06-23T06:54:42.125
934,85.0,-1,1782172483126,2026-06-23T06:54:43.126
935,84.0,3,1782172484125,2026-06-23T06:54:44.125
936,85.0,3,1782172485127,2026-06-23T06:54:45.127
937,85.0,3,1782172486125,2026-06-23T06:54:46.125
938,85.0,3,1782172487125,2026-06-23T06:54:47.125
939,84.0,3,1782172488126,2026-06-23T06:54:48.126
940,84.0,3,1782172489128,2026-06-23T06:54:49.128
941,83.0,3,1782172490129,2026-06-23T06:54:50.129
942,83.0,3,1782172491127,2026-06-23T06:54:51.127
943,83.0,3,1782172492128,2026-06-23T06:54:52.128
944,83.0,3,1782172493125,2026-06-23T06:54:53.125
945,83.0,3,1782172494128,2026-06-23T06:54:54.128
946,83.0,3,1782172495128,2026-06-23T06:54:55.128
947,82.0,3,1782172496127,2026-06-23T06:54:56.127
948,82.0,3,1782172497128,2026-06-23T06:54:57.128
949,82.0,3,1782172498128,2026-06-23T06:54:58.128
950,81.0,3,1782172499125,2026-06-23T06:54:59.125
951,81.0,3,1782172500126,2026-06-23T06:55:00.126
952,81.0,3,1782172501127,2026-06-23T06:55:01.127
953,81.0,3,1782172502126,2026-06-23T06:55:02.126
954,81.0,3,1782172503126,2026-06-23T06:55:03.126
955,81.0,3,1782172504126,2026-06-23T06:55:04.126
956,81.0,3,1782172505127,2026-06-23T06:55:05.127
957,81.0,3,1782172506128,2026-06-23T06:55:06.128
958,81.0,3,1782172507128,2026-06-23T06:55:07.128
959,81.0,3,1782172508128,2026-06-23T06:55:08.128
960,81.0,3,1782172509135,2026-06-23T06:55:09.135
961,82.0,3,1782172510128,2026-06-23T06:55:10.128
962,82.0,3,1782172511128,2026-06-23T06:55:11.128
963,83.0,3,1782172512127,2026-06-23T06:55:12.127
964,82.0,3,1782172513127,2026-06-23T06:55:13.127
965,82.0,3,1782172514127,2026-06-23T06:55:14.127
966,82.0,3,1782172515127,2026-06-23T06:55:15.127
967,83.0,3,1782172516125,2026-06-23T06:55:16.125
968,83.0,3,1782172517126,2026-06-23T06:55:17.126
969,83.0,3,1782172518130,2026-06-23T06:55:18.130
970,83.0,3,1782172519127,2026-06-23T06:55:19.127
971,83.0,3,1782172520127,2026-06-23T06:55:20.127
972,83.0,3,1782172521126,2026-06-23T06:55:21.126
973,83.0,3,1782172522128,2026-06-23T06:55:22.128
974,83.0,3,1782172523125,2026-06-23T06:55:23.125
975,83.0,3,1782172524125,2026-06-23T06:55:24.125
976,83.0,3,1782172525125,2026-06-23T06:55:25.125
977,83.0,3,1782172526128,2026-06-23T06:55:26.128
978,83.0,3,1782172527126,2026-06-23T06:55:27.126
979,83.0,3,1782172528126,2026-06-23T06:55:28.126
980,82.0,3,1782172529126,2026-06-23T06:55:29.126
981,82.0,3,1782172530125,2026-06-23T06:55:30.125
982,81.0,3,1782172531127,2026-06-23T06:55:31.127
983,81.0,3,1782172532125,2026-06-23T06:55:32.125
984,82.0,3,1782172533127,2026-06-23T06:55:33.127
985,82.0,3,1782172534131,2026-06-23T06:55:34.131
986,82.0,3,1782172535128,2026-06-23T06:55:35.128
987,82.0,3,1782172536130,2026-06-23T06:55:36.130
988,82.0,3,1782172537128,2026-06-23T06:55:37.128
989,82.0,3,1782172538126,2026-06-23T06:55:38.126
990,82.0,3,1782172539129,2026-06-23T06:55:39.129
991,82.0,3,1782172540129,2026-06-23T06:55:40.129
992,82.0,3,1782172541131,2026-06-23T06:55:41.131
993,83.0,3,1782172542127,2026-06-23T06:55:42.127
994,83.0,3,1782172543129,2026-06-23T06:55:43.129
995,83.0,3,1782172544128,2026-06-23T06:55:44.128
996,83.0,-1,1782172545128,2026-06-23T06:55:45.128
997,83.0,3,1782172546127,2026-06-23T06:55:46.127
998,84.0,3,1782172547128,2026-06-23T06:55:47.128
999,85.0,3,1782172548129,2026-06-23T06:55:48.129
1000,85.0,3,1782172549128,2026-06-23T06:55:49.128
1001,85.0,3,1782172550128,2026-06-23T06:55:50.128
1002,84.0,3,1782172551131,2026-06-23T06:55:51.131
1003,84.0,3,1782172552128,2026-06-23T06:55:52.128
1004,83.0,3,1782172553125,2026-06-23T06:55:53.125
1005,83.0,3,1782172554125,2026-06-23T06:55:54.125
1006,82.0,3,1782172555130,2026-06-23T06:55:55.130
1007,82.0,3,1782172556128,2026-06-23T06:55:56.128
1008,82.0,3,1782172557125,2026-06-23T06:55:57.125
1009,82.0,3,1782172558128,2026-06-23T06:55:58.128
1010,82.0,3,1782172559130,2026-06-23T06:55:59.130
1011,81.0,3,1782172560127,2026-06-23T06:56:00.127
1012,81.0,3,1782172561127,2026-06-23T06:56:01.127
1013,83.0,3,1782172562126,2026-06-23T06:56:02.126
1014,83.0,3,1782172563127,2026-06-23T06:56:03.127
1015,82.0,3,1782172564127,2026-06-23T06:56:04.127
1016,82.0,3,1782172565126,2026-06-23T06:56:05.126
1017,81.0,3,1782172566128,2026-06-23T06:56:06.128
1018,81.0,3,1782172567127,2026-06-23T06:56:07.127
1019,81.0,3,1782172568128,2026-06-23T06:56:08.128
1020,81.0,3,1782172569126,2026-06-23T06:56:09.126
1021,80.0,3,1782172570125,2026-06-23T06:56:10.125
1022,79.0,3,1782172571128,2026-06-23T06:56:11.128
1023,79.0,3,1782172572128,2026-06-23T06:56:12.128
1024,79.0,3,1782172573128,2026-06-23T06:56:13.128
1025,79.0,3,1782172574128,2026-06-23T06:56:14.128
1026,80.0,3,1782172575128,2026-06-23T06:56:15.128
1027,80.0,3,1782172576126,2026-06-23T06:56:16.126
1028,80.0,3,1782172577127,2026-06-23T06:56:17.127
1029,80.0,3,1782172578127,2026-06-23T06:56:18.127
1030,80.0,3,1782172579127,2026-06-23T06:56:19.127
1031,80.0,3,1782172580129,2026-06-23T06:56:20.129
1032,80.0,3,1782172581125,2026-06-23T06:56:21.125
1033,80.0,3,1782172582127,2026-06-23T06:56:22.127
1034,80.0,3,1782172583127,2026-06-23T06:56:23.127
1035,80.0,3,1782172584127,2026-06-23T06:56:24.127
1036,80.0,3,1782172585128,2026-06-23T06:56:25.128
1037,80.0,3,1782172586126,2026-06-23T06:56:26.126
1038,80.0,3,1782172587128,2026-06-23T06:56:27.128
1039,80.0,3,1782172588129,2026-06-23T06:56:28.129
1040,80.0,3,1782172589127,2026-06-23T06:56:29.127
1041,81.0,3,1782172590129,2026-06-23T06:56:30.129
1042,81.0,3,1782172591128,2026-06-23T06:56:31.128
1043,81.0,3,1782172592128,2026-06-23T06:56:32.128
1044,81.0,3,1782172593128,2026-06-23T06:56:33.128
1045,83.0,3,1782172594127,2026-06-23T06:56:34.127
1046,83.0,3,1782172595129,2026-06-23T06:56:35.129
1047,84.0,3,1782172596128,2026-06-23T06:56:36.128
1048,85.0,3,1782172597127,2026-06-23T06:56:37.127
1049,85.0,3,1782172598127,2026-06-23T06:56:38.127
1050,85.0,3,1782172599127,2026-06-23T06:56:39.127
1051,84.0,3,1782172600128,2026-06-23T06:56:40.128
1052,84.0,3,1782172601128,2026-06-23T06:56:41.128
1053,84.0,3,1782172602128,2026-06-23T06:56:42.128
1054,84.0,3,1782172603128,2026-06-23T06:56:43.128
1055,84.0,3,1782172604128,2026-06-23T06:56:44.128
1056,84.0,3,1782172605128,2026-06-23T06:56:45.128
1057,83.0,3,1782172606127,2026-06-23T06:56:46.127
1058,82.0,3,1782172607128,2026-06-23T06:56:47.128
1059,82.0,3,1782172608129,2026-06-23T06:56:48.129
1060,83.0,3,1782172609128,2026-06-23T06:56:49.128
1061,83.0,3,1782172610128,2026-06-23T06:56:50.128
1062,84.0,3,1782172611129,2026-06-23T06:56:51.129
1063,84.0,3,1782172612126,2026-06-23T06:56:52.126
1064,84.0,3,1782172613127,2026-06-23T06:56:53.127
1065,84.0,3,1782172614127,2026-06-23T06:56:54.127
1066,85.0,3,1782172615127,2026-06-23T06:56:55.127
1067,85.0,3,1782172616127,2026-06-23T06:56:56.127
1068,85.0,3,1782172617126,2026-06-23T06:56:57.126
1069,85.0,3,1782172618128,2026-06-23T06:56:58.128
1070,85.0,3,1782172619129,2026-06-23T06:56:59.129
1071,84.0,3,1782172620129,2026-06-23T06:57:00.129
1072,85.0,3,1782172621128,2026-06-23T06:57:01.128
1073,85.0,3,1782172622127,2026-06-23T06:57:02.127
1074,82.0,3,1782172623129,2026-06-23T06:57:03.129
1075,82.0,3,1782172624128,2026-06-23T06:57:04.128
1076,81.0,3,1782172625127,2026-06-23T06:57:05.127
1077,81.0,3,1782172626127,2026-06-23T06:57:06.127
1078,82.0,3,1782172627128,2026-06-23T06:57:07.128
1079,82.0,3,1782172628127,2026-06-23T06:57:08.127
1080,83.0,3,1782172629128,2026-06-23T06:57:09.128
1081,83.0,3,1782172630127,2026-06-23T06:57:10.127
1082,83.0,3,1782172631126,2026-06-23T06:57:11.126
1083,83.0,-1,1782172632125,2026-06-23T06:57:12.125
1084,83.0,3,1782172633127,2026-06-23T06:57:13.127
1085,84.0,3,1782172634125,2026-06-23T06:57:14.125
1086,86.0,3,1782172635125,2026-06-23T06:57:15.125
1087,87.0,3,1782172636126,2026-06-23T06:57:16.126
1088,89.0,3,1782172637126,2026-06-23T06:57:17.126
1089,89.0,3,1782172638125,2026-06-23T06:57:18.125
1090,89.0,3,1782172639129,2026-06-23T06:57:19.129
1091,90.0,3,1782172640128,2026-06-23T06:57:20.128
1092,89.0,3,1782172641128,2026-06-23T06:57:21.128
1093,88.0,3,1782172642129,2026-06-23T06:57:22.129
1094,87.0,3,1782172643128,2026-06-23T06:57:23.128
1095,86.0,3,1782172644128,2026-06-23T06:57:24.128
1096,86.0,3,1782172645128,2026-06-23T06:57:25.128
1097,85.0,3,1782172646128,2026-06-23T06:57:26.128
1098,85.0,3,1782172647128,2026-06-23T06:57:27.128
1099,85.0,3,1782172648127,2026-06-23T06:57:28.127
1100,84.0,3,1782172649129,2026-06-23T06:57:29.129
1101,84.0,3,1782172650128,2026-06-23T06:57:30.128
1102,83.0,3,1782172651127,2026-06-23T06:57:31.127
1103,83.0,3,1782172652128,2026-06-23T06:57:32.128
1104,82.0,3,1782172653127,2026-06-23T06:57:33.127
1105,82.0,3,1782172654127,2026-06-23T06:57:34.127
1106,81.0,3,1782172655128,2026-06-23T06:57:35.128
1107,80.0,3,1782172656128,2026-06-23T06:57:36.128
1108,80.0,3,1782172657127,2026-06-23T06:57:37.127
1109,79.0,3,1782172658128,2026-06-23T06:57:38.128
1110,79.0,3,1782172659128,2026-06-23T06:57:39.128
1111,79.0,3,1782172660128,2026-06-23T06:57:40.128
1112,79.0,3,1782172661128,2026-06-23T06:57:41.128
1113,78.0,3,1782172662128,2026-06-23T06:57:42.128
1114,78.0,3,1782172663128,2026-06-23T06:57:43.128
1115,78.0,3,1782172664128,2026-06-23T06:57:44.128
1116,77.0,3,1782172665129,2026-06-23T06:57:45.129
1117,77.0,3,1782172666128,2026-06-23T06:57:46.128
1118,77.0,3,1782172667128,2026-06-23T06:57:47.128
1119,77.0,3,1782172668128,2026-06-23T06:57:48.128
1120,76.0,3,1782172669128,2026-06-23T06:57:49.128
1121,76.0,-1,1782172670128,2026-06-23T06:57:50.128
1122,76.0,3,1782172671128,2026-06-23T06:57:51.128
1123,76.0,3,1782172672129,2026-06-23T06:57:52.129
1124,76.0,3,1782172673128,2026-06-23T06:57:53.128
1125,77.0,3,1782172674127,2026-06-23T06:57:54.127
1126,77.0,3,1782172675128,2026-06-23T06:57:55.128
1127,77.0,3,1782172676128,2026-06-23T06:57:56.128
1128,77.0,3,1782172677128,2026-06-23T06:57:57.128
1129,77.0,3,1782172678129,2026-06-23T06:57:58.129
1130,77.0,3,1782172679127,2026-06-23T06:57:59.127
1131,77.0,3,1782172680129,2026-06-23T06:58:00.129
1132,76.0,3,1782172681128,2026-06-23T06:58:01.128
1133,76.0,3,1782172682128,2026-06-23T06:58:02.128
1134,76.0,3,1782172683128,2026-06-23T06:58:03.128
1135,75.0,3,1782172684127,2026-06-23T06:58:04.127
1136,75.0,3,1782172685128,2026-06-23T06:58:05.128
1137,75.0,3,1782172686128,2026-06-23T06:58:06.128
1138,75.0,3,1782172687128,2026-06-23T06:58:07.128
1139,75.0,3,1782172688129,2026-06-23T06:58:08.129
1140,76.0,3,1782172689128,2026-06-23T06:58:09.128
1141,77.0,3,1782172690128,2026-06-23T06:58:10.128
1142,77.0,3,1782172691128,2026-06-23T06:58:11.128
1143,76.0,3,1782172692128,2026-06-23T06:58:12.128
1144,76.0,3,1782172693128,2026-06-23T06:58:13.128
1145,76.0,3,1782172694127,2026-06-23T06:58:14.127
1146,76.0,3,1782172695128,2026-06-23T06:58:15.128
1147,75.0,3,1782172696128,2026-06-23T06:58:16.128
1148,75.0,3,1782172697128,2026-06-23T06:58:17.128
1149,74.0,3,1782172698127,2026-06-23T06:58:18.127
1150,74.0,3,1782172699128,2026-06-23T06:58:19.128
1151,74.0,3,1782172700128,2026-06-23T06:58:20.128
1152,74.0,3,1782172701128,2026-06-23T06:58:21.128
1153,73.0,3,1782172702128,2026-06-23T06:58:22.128
1154,75.0,3,1782172703128,2026-06-23T06:58:23.128
1155,75.0,3,1782172704129,2026-06-23T06:58:24.129
1156,76.0,3,1782172705128,2026-06-23T06:58:25.128
1157,76.0,3,1782172706128,2026-06-23T06:58:26.128
1158,77.0,3,1782172707128,2026-06-23T06:58:27.128
1159,77.0,3,1782172708128,2026-06-23T06:58:28.128
1160,77.0,3,1782172709127,2026-06-23T06:58:29.127
1161,77.0,3,1782172710128,2026-06-23T06:58:30.128
1162,76.0,3,1782172711129,2026-06-23T06:58:31.129
1163,77.0,3,1782172712128,2026-06-23T06:58:32.128
1164,77.0,3,1782172713128,2026-06-23T06:58:33.128
1165,77.0,3,1782172714128,2026-06-23T06:58:34.128
1166,77.0,3,1782172715129,2026-06-23T06:58:35.129
1167,77.0,3,1782172716131,2026-06-23T06:58:36.131
1168,78.0,3,1782172717128,2026-06-23T06:58:37.128
1169,80.0,3,1782172718131,2026-06-23T06:58:38.131
1170,81.0,3,1782172719130,2026-06-23T06:58:39.130
1171,82.0,3,1782172720136,2026-06-23T06:58:40.136
1172,82.0,3,1782172721132,2026-06-23T06:58:41.132
1173,82.0,3,1782172722125,2026-06-23T06:58:42.125
1174,81.0,3,1782172723128,2026-06-23T06:58:43.128
1175,80.0,3,1782172724128,2026-06-23T06:58:44.128
1176,79.0,3,1782172725127,2026-06-23T06:58:45.127
1177,78.0,3,1782172726128,2026-06-23T06:58:46.128
1178,78.0,3,1782172727128,2026-06-23T06:58:47.128
1179,77.0,3,1782172728128,2026-06-23T06:58:48.128
1180,77.0,3,1782172729128,2026-06-23T06:58:49.128
1181,77.0,3,1782172730125,2026-06-23T06:58:50.125
1182,77.0,3,1782172731128,2026-06-23T06:58:51.128
1183,77.0,3,1782172732127,2026-06-23T06:58:52.127
1184,76.0,3,1782172733127,2026-06-23T06:58:53.127
1185,76.0,3,1782172734128,2026-06-23T06:58:54.128
1186,75.0,3,1782172735127,2026-06-23T06:58:55.127
1187,75.0,3,1782172736128,2026-06-23T06:58:56.128
1188,75.0,3,1782172737128,2026-06-23T06:58:57.128
1189,74.0,3,1782172738129,2026-06-23T06:58:58.129
1190,74.0,3,1782172739128,2026-06-23T06:58:59.128
1191,74.0,3,1782172740128,2026-06-23T06:59:00.128
1192,74.0,3,1782172741128,2026-06-23T06:59:01.128
1193,74.0,3,1782172742128,2026-06-23T06:59:02.128
1194,75.0,3,1782172743129,2026-06-23T06:59:03.129
1195,75.0,3,1782172744128,2026-06-23T06:59:04.128
1196,75.0,3,1782172745127,2026-06-23T06:59:05.127
1197,75.0,3,1782172746127,2026-06-23T06:59:06.127
1198,76.0,3,1782172747128,2026-06-23T06:59:07.128
1199,76.0,3,1782172748128,2026-06-23T06:59:08.128
1200,76.0,3,1782172749128,2026-06-23T06:59:09.128
1201,76.0,3,1782172750128,2026-06-23T06:59:10.128
1202,76.0,3,1782172751129,2026-06-23T06:59:11.129
1203,76.0,3,1782172752128,2026-06-23T06:59:12.128
1204,76.0,3,1782172753128,2026-06-23T06:59:13.128
1205,76.0,3,1782172754128,2026-06-23T06:59:14.128
1206,76.0,3,1782172755128,2026-06-23T06:59:15.128
1207,76.0,3,1782172756127,2026-06-23T06:59:16.127
1208,76.0,3,1782172757128,2026-06-23T06:59:17.128
1209,75.0,3,1782172758128,2026-06-23T06:59:18.128
1210,75.0,3,1782172759128,2026-06-23T06:59:19.128
1211,74.0,3,1782172760128,2026-06-23T06:59:20.128
1212,74.0,3,1782172761128,2026-06-23T06:59:21.128
1213,75.0,3,1782172762128,2026-06-23T06:59:22.128
1214,75.0,3,1782172763128,2026-06-23T06:59:23.128
1215,75.0,3,1782172764128,2026-06-23T06:59:24.128
1216,74.0,3,1782172765129,2026-06-23T06:59:25.129
1217,74.0,3,1782172766128,2026-06-23T06:59:26.128
1218,74.0,3,1782172767128,2026-06-23T06:59:27.128
1219,75.0,3,1782172768128,2026-06-23T06:59:28.128
1220,75.0,3,1782172769127,2026-06-23T06:59:29.127
1221,75.0,3,1782172770130,2026-06-23T06:59:30.130
1222,74.0,3,1782172771128,2026-06-23T06:59:31.128
1223,74.0,3,1782172772127,2026-06-23T06:59:32.127
1224,74.0,3,1782172773128,2026-06-23T06:59:33.128
1225,73.0,3,1782172774128,2026-06-23T06:59:34.128
1226,73.0,3,1782172775129,2026-06-23T06:59:35.129
1227,72.0,3,1782172776128,2026-06-23T06:59:36.128
1228,72.0,3,1782172777125,2026-06-23T06:59:37.125
1229,72.0,3,1782172778127,2026-06-23T06:59:38.127
1230,72.0,3,1782172779127,2026-06-23T06:59:39.127
1231,72.0,3,1782172780128,2026-06-23T06:59:40.128
1232,73.0,3,1782172781128,2026-06-23T06:59:41.128
1233,73.0,3,1782172782126,2026-06-23T06:59:42.126
1234,74.0,3,1782172783128,2026-06-23T06:59:43.128
1235,74.0,3,1782172784129,2026-06-23T06:59:44.129
1236,74.0,3,1782172785128,2026-06-23T06:59:45.128
1237,74.0,3,1782172786128,2026-06-23T06:59:46.128
1238,73.0,3,1782172787128,2026-06-23T06:59:47.128
1239,73.0,3,1782172788128,2026-06-23T06:59:48.128
1240,73.0,3,1782172789128,2026-06-23T06:59:49.128
1241,73.0,3,1782172790128,2026-06-23T06:59:50.128
1242,73.0,3,1782172791128,2026-06-23T06:59:51.128
1243,72.0,3,1782172792127,2026-06-23T06:59:52.127
1244,72.0,3,1782172793128,2026-06-23T06:59:53.128
1245,72.0,3,1782172794128,2026-06-23T06:59:54.128
1246,72.0,3,1782172795129,2026-06-23T06:59:55.129
1247,72.0,3,1782172796128,2026-06-23T06:59:56.128
1248,72.0,3,1782172797128,2026-06-23T06:59:57.128
1249,73.0,3,1782172798127,2026-06-23T06:59:58.127
1250,73.0,3,1782172799128,2026-06-23T06:59:59.128
1251,73.0,3,1782172800125,2026-06-23T07:00:00.125
1252,74.0,3,1782172801126,2026-06-23T07:00:01.126
1253,74.0,3,1782172802127,2026-06-23T07:00:02.127
1254,75.0,3,1782172803128,2026-06-23T07:00:03.128
1255,75.0,3,1782172804128,2026-06-23T07:00:04.128
1256,75.0,3,1782172805129,2026-06-23T07:00:05.129
1257,76.0,3,1782172806129,2026-06-23T07:00:06.129
1258,76.0,3,1782172807127,2026-06-23T07:00:07.127
1259,75.0,3,1782172808128,2026-06-23T07:00:08.128
1260,75.0,3,1782172809128,2026-06-23T07:00:09.128
1261,75.0,3,1782172810128,2026-06-23T07:00:10.128
1262,75.0,3,1782172811128,2026-06-23T07:00:11.128
1263,75.0,3,1782172812128,2026-06-23T07:00:12.128
1264,75.0,3,1782172813128,2026-06-23T07:00:13.128
