id,device_id,bpm,accuracy,time_ms,time_iso,synced,fresh
1437,bc2c14bd2bf7551f5633c01663847239,92.0,3,1786547204660,2026-08-12T22:06:44.660,1,1
1438,bc2c14bd2bf7551f5633c01663847239,92.0,-1,1786547205658,2026-08-12T22:06:45.658,1,0
1439,bc2c14bd2bf7551f5633c01663847239,92.0,-1,1786547206658,2026-08-12T22:06:46.658,1,0
1440,bc2c14bd2bf7551f5633c01663847239,92.0,-1,1786547207662,2026-08-12T22:06:47.662,1,0
1441,bc2c14bd2bf7551f5633c01663847239,92.0,-1,1786547208663,2026-08-12T22:06:48.663,1,0
1442,bc2c14bd2bf7551f5633c01663847239,78.0,3,1786547209659,2026-08-12T22:06:49.659,1,1
1443,bc2c14bd2bf7551f5633c01663847239,79.0,3,1786547210662,2026-08-12T22:06:50.662,1,1
1444,bc2c14bd2bf7551f5633c01663847239,80.0,3,1786547211663,2026-08-12T22:06:51.663,1,1
1445,bc2c14bd2bf7551f5633c01663847239,81.0,3,1786547212661,2026-08-12T22:06:52.661,1,1
1446,bc2c14bd2bf7551f5633c01663847239,81.0,3,1786547213658,2026-08-12T22:06:53.658,1,1
1447,bc2c14bd2bf7551f5633c01663847239,80.0,3,1786547214658,2026-08-12T22:06:54.658,1,1
1448,bc2c14bd2bf7551f5633c01663847239,80.0,3,1786547215658,2026-08-12T22:06:55.658,1,1
1449,bc2c14bd2bf7551f5633c01663847239,81.0,3,1786547216658,2026-08-12T22:06:56.658,1,1
1450,bc2c14bd2bf7551f5633c01663847239,83.0,3,1786547217658,2026-08-12T22:06:57.658,1,1
1451,bc2c14bd2bf7551f5633c01663847239,84.0,3,1786547218659,2026-08-12T22:06:58.659,1,1
1452,bc2c14bd2bf7551f5633c01663847239,83.0,3,1786547219659,2026-08-12T22:06:59.659,1,1
1453,bc2c14bd2bf7551f5633c01663847239,83.0,3,1786547220660,2026-08-12T22:07:00.660,1,1
1454,bc2c14bd2bf7551f5633c01663847239,85.0,3,1786547221658,2026-08-12T22:07:01.658,1,1
1455,bc2c14bd2bf7551f5633c01663847239,86.0,3,1786547222658,2026-08-12T22:07:02.658,1,1
1456,bc2c14bd2bf7551f5633c01663847239,88.0,3,1786547223658,2026-08-12T22:07:03.658,1,1
1457,bc2c14bd2bf7551f5633c01663847239,89.0,3,1786547224658,2026-08-12T22:07:04.658,1,1
1458,bc2c14bd2bf7551f5633c01663847239,89.0,3,1786547225660,2026-08-12T22:07:05.660,1,1
1459,bc2c14bd2bf7551f5633c01663847239,89.0,3,1786547226658,2026-08-12T22:07:06.658,1,1
1460,bc2c14bd2bf7551f5633c01663847239,90.0,3,1786547227658,2026-08-12T22:07:07.658,1,1
1461,bc2c14bd2bf7551f5633c01663847239,91.0,3,1786547228659,2026-08-12T22:07:08.659,1,1
1462,bc2c14bd2bf7551f5633c01663847239,91.0,3,1786547229658,2026-08-12T22:07:09.658,1,1
1463,bc2c14bd2bf7551f5633c01663847239,90.0,3,1786547230658,2026-08-12T22:07:10.658,1,1
1464,bc2c14bd2bf7551f5633c01663847239,89.0,3,1786547231658,2026-08-12T22:07:11.658,1,1
1465,bc2c14bd2bf7551f5633c01663847239,88.0,3,1786547232658,2026-08-12T22:07:12.658,1,1
1466,bc2c14bd2bf7551f5633c01663847239,88.0,3,1786547233659,2026-08-12T22:07:13.659,1,1
1467,bc2c14bd2bf7551f5633c01663847239,89.0,3,1786547234668,2026-08-12T22:07:14.668,1,1
1468,bc2c14bd2bf7551f5633c01663847239,90.0,3,1786547235663,2026-08-12T22:07:15.663,1,1
1469,bc2c14bd2bf7551f5633c01663847239,90.0,3,1786547236666,2026-08-12T22:07:16.666,1,1
1470,bc2c14bd2bf7551f5633c01663847239,89.0,3,1786547237658,2026-08-12T22:07:17.658,1,1
1471,bc2c14bd2bf7551f5633c01663847239,91.0,3,1786547238665,2026-08-12T22:07:18.665,1,1
1472,bc2c14bd2bf7551f5633c01663847239,92.0,3,1786547239663,2026-08-12T22:07:19.663,1,1
1473,bc2c14bd2bf7551f5633c01663847239,93.0,3,1786547240659,2026-08-12T22:07:20.659,1,1
1474,bc2c14bd2bf7551f5633c01663847239,94.0,3,1786547241658,2026-08-12T22:07:21.658,1,1
1475,bc2c14bd2bf7551f5633c01663847239,95.0,3,1786547242660,2026-08-12T22:07:22.660,1,1
1476,bc2c14bd2bf7551f5633c01663847239,96.0,3,1786547243659,2026-08-12T22:07:23.659,1,1
1477,bc2c14bd2bf7551f5633c01663847239,96.0,3,1786547244658,2026-08-12T22:07:24.658,1,1
1478,bc2c14bd2bf7551f5633c01663847239,95.0,3,1786547245658,2026-08-12T22:07:25.658,1,1
1479,bc2c14bd2bf7551f5633c01663847239,94.0,3,1786547246659,2026-08-12T22:07:26.659,1,1
1480,bc2c14bd2bf7551f5633c01663847239,94.0,3,1786547247657,2026-08-12T22:07:27.657,1,1
1481,bc2c14bd2bf7551f5633c01663847239,94.0,3,1786547248659,2026-08-12T22:07:28.659,1,1
1482,bc2c14bd2bf7551f5633c01663847239,93.0,3,1786547249658,2026-08-12T22:07:29.658,1,1
1483,bc2c14bd2bf7551f5633c01663847239,94.0,3,1786547250658,2026-08-12T22:07:30.658,1,1
1484,bc2c14bd2bf7551f5633c01663847239,95.0,3,1786547251658,2026-08-12T22:07:31.658,1,1
1485,bc2c14bd2bf7551f5633c01663847239,96.0,3,1786547252658,2026-08-12T22:07:32.658,1,1
1486,bc2c14bd2bf7551f5633c01663847239,97.0,3,1786547253659,2026-08-12T22:07:33.659,1,1
1487,bc2c14bd2bf7551f5633c01663847239,96.0,3,1786547254658,2026-08-12T22:07:34.658,1,1
1488,bc2c14bd2bf7551f5633c01663847239,97.0,3,1786547255658,2026-08-12T22:07:35.658,1,1
1489,bc2c14bd2bf7551f5633c01663847239,97.0,3,1786547256658,2026-08-12T22:07:36.658,1,1
1490,bc2c14bd2bf7551f5633c01663847239,97.0,3,1786547257658,2026-08-12T22:07:37.658,1,1
1491,bc2c14bd2bf7551f5633c01663847239,98.0,3,1786547258659,2026-08-12T22:07:38.659,1,1
1492,bc2c14bd2bf7551f5633c01663847239,98.0,3,1786547259664,2026-08-12T22:07:39.664,1,1
1493,bc2c14bd2bf7551f5633c01663847239,99.0,3,1786547260666,2026-08-12T22:07:40.666,1,1
1494,bc2c14bd2bf7551f5633c01663847239,98.0,3,1786547261664,2026-08-12T22:07:41.664,1,1
1495,bc2c14bd2bf7551f5633c01663847239,98.0,3,1786547262672,2026-08-12T22:07:42.672,1,1
1496,bc2c14bd2bf7551f5633c01663847239,97.0,3,1786547263660,2026-08-12T22:07:43.660,1,1
1497,bc2c14bd2bf7551f5633c01663847239,96.0,3,1786547264658,2026-08-12T22:07:44.658,1,1
1498,bc2c14bd2bf7551f5633c01663847239,95.0,3,1786547265657,2026-08-12T22:07:45.657,1,1
1499,bc2c14bd2bf7551f5633c01663847239,94.0,3,1786547266664,2026-08-12T22:07:46.664,1,1
1500,bc2c14bd2bf7551f5633c01663847239,92.0,3,1786547267659,2026-08-12T22:07:47.659,1,1
1501,bc2c14bd2bf7551f5633c01663847239,91.0,3,1786547268658,2026-08-12T22:07:48.658,1,1
1502,bc2c14bd2bf7551f5633c01663847239,90.0,3,1786547269660,2026-08-12T22:07:49.660,1,1
1503,bc2c14bd2bf7551f5633c01663847239,88.0,3,1786547270658,2026-08-12T22:07:50.658,1,1
1504,bc2c14bd2bf7551f5633c01663847239,88.0,3,1786547271657,2026-08-12T22:07:51.657,1,1
1505,bc2c14bd2bf7551f5633c01663847239,88.0,3,1786547272658,2026-08-12T22:07:52.658,1,1
1506,bc2c14bd2bf7551f5633c01663847239,87.0,3,1786547273658,2026-08-12T22:07:53.658,1,1
1507,bc2c14bd2bf7551f5633c01663847239,88.0,3,1786547274658,2026-08-12T22:07:54.658,1,1
1508,bc2c14bd2bf7551f5633c01663847239,89.0,3,1786547275658,2026-08-12T22:07:55.658,1,1
1509,bc2c14bd2bf7551f5633c01663847239,90.0,3,1786547276657,2026-08-12T22:07:56.657,1,1
1510,bc2c14bd2bf7551f5633c01663847239,91.0,3,1786547277658,2026-08-12T22:07:57.658,1,1
1511,bc2c14bd2bf7551f5633c01663847239,92.0,3,1786547278658,2026-08-12T22:07:58.658,1,1
1512,bc2c14bd2bf7551f5633c01663847239,92.0,3,1786547279658,2026-08-12T22:07:59.658,1,1
1513,bc2c14bd2bf7551f5633c01663847239,92.0,3,1786547280664,2026-08-12T22:08:00.664,1,1
1514,bc2c14bd2bf7551f5633c01663847239,92.0,3,1786547281658,2026-08-12T22:08:01.658,1,1
1515,bc2c14bd2bf7551f5633c01663847239,92.0,3,1786547282665,2026-08-12T22:08:02.665,1,1
1516,bc2c14bd2bf7551f5633c01663847239,92.0,3,1786547283659,2026-08-12T22:08:03.659,1,1
1517,bc2c14bd2bf7551f5633c01663847239,91.0,3,1786547284657,2026-08-12T22:08:04.657,1,1
1518,bc2c14bd2bf7551f5633c01663847239,91.0,3,1786547285661,2026-08-12T22:08:05.661,1,1
1519,bc2c14bd2bf7551f5633c01663847239,91.0,3,1786547286661,2026-08-12T22:08:06.661,1,1
1520,bc2c14bd2bf7551f5633c01663847239,90.0,3,1786547287658,2026-08-12T22:08:07.658,1,1
1521,bc2c14bd2bf7551f5633c01663847239,90.0,3,1786547288658,2026-08-12T22:08:08.658,1,1
1522,bc2c14bd2bf7551f5633c01663847239,89.0,3,1786547289659,2026-08-12T22:08:09.659,1,1
1523,bc2c14bd2bf7551f5633c01663847239,89.0,3,1786547290658,2026-08-12T22:08:10.658,1,1
1524,bc2c14bd2bf7551f5633c01663847239,90.0,3,1786547291657,2026-08-12T22:08:11.657,1,1
1525,bc2c14bd2bf7551f5633c01663847239,90.0,3,1786547292658,2026-08-12T22:08:12.658,1,1
1526,bc2c14bd2bf7551f5633c01663847239,91.0,3,1786547293658,2026-08-12T22:08:13.658,1,1
1527,bc2c14bd2bf7551f5633c01663847239,92.0,3,1786547294658,2026-08-12T22:08:14.658,1,1
1528,bc2c14bd2bf7551f5633c01663847239,92.0,3,1786547295658,2026-08-12T22:08:15.658,1,1
1529,bc2c14bd2bf7551f5633c01663847239,92.0,3,1786547296660,2026-08-12T22:08:16.660,1,1
1530,bc2c14bd2bf7551f5633c01663847239,91.0,3,1786547297659,2026-08-12T22:08:17.659,1,1
1531,bc2c14bd2bf7551f5633c01663847239,90.0,3,1786547298661,2026-08-12T22:08:18.661,1,1
1532,bc2c14bd2bf7551f5633c01663847239,89.0,3,1786547299659,2026-08-12T22:08:19.659,1,1
1533,bc2c14bd2bf7551f5633c01663847239,89.0,3,1786547300658,2026-08-12T22:08:20.658,1,1
1534,bc2c14bd2bf7551f5633c01663847239,88.0,3,1786547301658,2026-08-12T22:08:21.658,1,1
1535,bc2c14bd2bf7551f5633c01663847239,87.0,3,1786547302658,2026-08-12T22:08:22.658,1,1
1536,bc2c14bd2bf7551f5633c01663847239,87.0,3,1786547303658,2026-08-12T22:08:23.658,1,1
1537,bc2c14bd2bf7551f5633c01663847239,87.0,3,1786547304658,2026-08-12T22:08:24.658,1,1
1538,bc2c14bd2bf7551f5633c01663847239,87.0,3,1786547305658,2026-08-12T22:08:25.658,1,1
1539,bc2c14bd2bf7551f5633c01663847239,86.0,3,1786547306658,2026-08-12T22:08:26.658,1,1
1540,bc2c14bd2bf7551f5633c01663847239,86.0,3,1786547307658,2026-08-12T22:08:27.658,1,1
1541,bc2c14bd2bf7551f5633c01663847239,86.0,3,1786547308658,2026-08-12T22:08:28.658,1,1
1542,bc2c14bd2bf7551f5633c01663847239,85.0,3,1786547309658,2026-08-12T22:08:29.658,1,1
1543,bc2c14bd2bf7551f5633c01663847239,85.0,3,1786547310658,2026-08-12T22:08:30.658,1,1
1544,bc2c14bd2bf7551f5633c01663847239,85.0,3,1786547311668,2026-08-12T22:08:31.668,1,1
1545,bc2c14bd2bf7551f5633c01663847239,85.0,3,1786547312664,2026-08-12T22:08:32.664,1,1
1546,bc2c14bd2bf7551f5633c01663847239,85.0,3,1786547313665,2026-08-12T22:08:33.665,1,1
1547,bc2c14bd2bf7551f5633c01663847239,85.0,3,1786547314664,2026-08-12T22:08:34.664,1,1
1548,bc2c14bd2bf7551f5633c01663847239,85.0,3,1786547315661,2026-08-12T22:08:35.661,1,1
1549,bc2c14bd2bf7551f5633c01663847239,85.0,3,1786547316661,2026-08-12T22:08:36.661,1,1
1550,bc2c14bd2bf7551f5633c01663847239,85.0,3,1786547317658,2026-08-12T22:08:37.658,1,1
1551,bc2c14bd2bf7551f5633c01663847239,85.0,3,1786547318658,2026-08-12T22:08:38.658,1,1
1552,bc2c14bd2bf7551f5633c01663847239,85.0,3,1786547319658,2026-08-12T22:08:39.658,1,1
1553,bc2c14bd2bf7551f5633c01663847239,85.0,3,1786547320658,2026-08-12T22:08:40.658,1,1
1554,bc2c14bd2bf7551f5633c01663847239,86.0,3,1786547321660,2026-08-12T22:08:41.660,1,1
1555,bc2c14bd2bf7551f5633c01663847239,87.0,3,1786547322661,2026-08-12T22:08:42.661,1,1
1556,bc2c14bd2bf7551f5633c01663847239,88.0,3,1786547323659,2026-08-12T22:08:43.659,1,1
1557,bc2c14bd2bf7551f5633c01663847239,89.0,3,1786547324658,2026-08-12T22:08:44.658,1,1
1558,bc2c14bd2bf7551f5633c01663847239,88.0,3,1786547325658,2026-08-12T22:08:45.658,1,1
1559,bc2c14bd2bf7551f5633c01663847239,88.0,3,1786547326658,2026-08-12T22:08:46.658,1,1
1560,bc2c14bd2bf7551f5633c01663847239,87.0,3,1786547327658,2026-08-12T22:08:47.658,1,1
1561,bc2c14bd2bf7551f5633c01663847239,86.0,3,1786547328658,2026-08-12T22:08:48.658,1,1
1562,bc2c14bd2bf7551f5633c01663847239,87.0,3,1786547329658,2026-08-12T22:08:49.658,1,1
1563,bc2c14bd2bf7551f5633c01663847239,87.0,3,1786547330659,2026-08-12T22:08:50.659,1,1
1564,bc2c14bd2bf7551f5633c01663847239,88.0,3,1786547331658,2026-08-12T22:08:51.658,1,1
1565,bc2c14bd2bf7551f5633c01663847239,88.0,3,1786547332659,2026-08-12T22:08:52.659,1,1
1566,bc2c14bd2bf7551f5633c01663847239,88.0,3,1786547333668,2026-08-12T22:08:53.668,1,1
1567,bc2c14bd2bf7551f5633c01663847239,87.0,3,1786547334667,2026-08-12T22:08:54.667,1,1
1568,bc2c14bd2bf7551f5633c01663847239,86.0,3,1786547335665,2026-08-12T22:08:55.665,1,1
1569,bc2c14bd2bf7551f5633c01663847239,85.0,3,1786547336658,2026-08-12T22:08:56.658,1,1
1570,bc2c14bd2bf7551f5633c01663847239,84.0,3,1786547337663,2026-08-12T22:08:57.663,1,1
1571,bc2c14bd2bf7551f5633c01663847239,84.0,3,1786547338662,2026-08-12T22:08:58.662,1,1
1572,bc2c14bd2bf7551f5633c01663847239,84.0,3,1786547339661,2026-08-12T22:08:59.661,1,1
1573,bc2c14bd2bf7551f5633c01663847239,85.0,3,1786547340660,2026-08-12T22:09:00.660,1,1
1574,bc2c14bd2bf7551f5633c01663847239,84.0,3,1786547341658,2026-08-12T22:09:01.658,1,1
1575,bc2c14bd2bf7551f5633c01663847239,84.0,3,1786547342658,2026-08-12T22:09:02.658,1,1
1576,bc2c14bd2bf7551f5633c01663847239,85.0,3,1786547343658,2026-08-12T22:09:03.658,1,1
1577,bc2c14bd2bf7551f5633c01663847239,85.0,3,1786547344658,2026-08-12T22:09:04.658,1,1
1578,bc2c14bd2bf7551f5633c01663847239,86.0,3,1786547345692,2026-08-12T22:09:05.692,1,1
1579,bc2c14bd2bf7551f5633c01663847239,87.0,3,1786547346659,2026-08-12T22:09:06.659,1,1
1580,bc2c14bd2bf7551f5633c01663847239,89.0,3,1786547347659,2026-08-12T22:09:07.659,1,1
1581,bc2c14bd2bf7551f5633c01663847239,90.0,3,1786547348668,2026-08-12T22:09:08.668,1,1
1582,bc2c14bd2bf7551f5633c01663847239,90.0,3,1786547349660,2026-08-12T22:09:09.660,1,1
1583,bc2c14bd2bf7551f5633c01663847239,89.0,3,1786547350660,2026-08-12T22:09:10.660,1,1
1584,bc2c14bd2bf7551f5633c01663847239,89.0,3,1786547351660,2026-08-12T22:09:11.660,1,1
1585,bc2c14bd2bf7551f5633c01663847239,89.0,3,1786547352657,2026-08-12T22:09:12.657,1,1
1586,bc2c14bd2bf7551f5633c01663847239,89.0,3,1786547353658,2026-08-12T22:09:13.658,1,1
1587,bc2c14bd2bf7551f5633c01663847239,90.0,3,1786547354658,2026-08-12T22:09:14.658,1,1
1588,bc2c14bd2bf7551f5633c01663847239,91.0,3,1786547355658,2026-08-12T22:09:15.658,1,1
1589,bc2c14bd2bf7551f5633c01663847239,91.0,3,1786547356664,2026-08-12T22:09:16.664,1,1
1590,bc2c14bd2bf7551f5633c01663847239,91.0,3,1786547357658,2026-08-12T22:09:17.658,1,1
1591,bc2c14bd2bf7551f5633c01663847239,92.0,3,1786547358658,2026-08-12T22:09:18.658,1,1
1592,bc2c14bd2bf7551f5633c01663847239,91.0,3,1786547359658,2026-08-12T22:09:19.658,1,1
1593,bc2c14bd2bf7551f5633c01663847239,90.0,3,1786547360658,2026-08-12T22:09:20.658,1,1
1594,bc2c14bd2bf7551f5633c01663847239,91.0,3,1786547361658,2026-08-12T22:09:21.658,1,1
1595,bc2c14bd2bf7551f5633c01663847239,91.0,3,1786547362658,2026-08-12T22:09:22.658,1,1
1596,bc2c14bd2bf7551f5633c01663847239,91.0,3,1786547363658,2026-08-12T22:09:23.658,1,1
1597,bc2c14bd2bf7551f5633c01663847239,90.0,3,1786547364658,2026-08-12T22:09:24.658,1,1
1598,bc2c14bd2bf7551f5633c01663847239,90.0,3,1786547365659,2026-08-12T22:09:25.659,1,1
1599,bc2c14bd2bf7551f5633c01663847239,89.0,3,1786547366667,2026-08-12T22:09:26.667,1,1
1600,bc2c14bd2bf7551f5633c01663847239,89.0,3,1786547367665,2026-08-12T22:09:27.665,1,1
1601,bc2c14bd2bf7551f5633c01663847239,89.0,3,1786547368664,2026-08-12T22:09:28.664,1,1
1602,bc2c14bd2bf7551f5633c01663847239,90.0,3,1786547369664,2026-08-12T22:09:29.664,1,1
1603,bc2c14bd2bf7551f5633c01663847239,90.0,3,1786547370661,2026-08-12T22:09:30.661,1,1
1604,bc2c14bd2bf7551f5633c01663847239,89.0,3,1786547371658,2026-08-12T22:09:31.658,1,1
1605,bc2c14bd2bf7551f5633c01663847239,88.0,3,1786547372670,2026-08-12T22:09:32.670,1,1
1606,bc2c14bd2bf7551f5633c01663847239,87.0,3,1786547373658,2026-08-12T22:09:33.658,1,1
1607,bc2c14bd2bf7551f5633c01663847239,87.0,3,1786547374659,2026-08-12T22:09:34.659,1,1
1608,bc2c14bd2bf7551f5633c01663847239,87.0,3,1786547375658,2026-08-12T22:09:35.658,1,1
1609,bc2c14bd2bf7551f5633c01663847239,87.0,3,1786547376658,2026-08-12T22:09:36.658,1,1
1610,bc2c14bd2bf7551f5633c01663847239,87.0,3,1786547377658,2026-08-12T22:09:37.658,1,1
1611,bc2c14bd2bf7551f5633c01663847239,88.0,3,1786547378658,2026-08-12T22:09:38.658,1,1
1612,bc2c14bd2bf7551f5633c01663847239,88.0,3,1786547379658,2026-08-12T22:09:39.658,1,1
1613,bc2c14bd2bf7551f5633c01663847239,89.0,3,1786547380658,2026-08-12T22:09:40.658,1,1
1614,bc2c14bd2bf7551f5633c01663847239,90.0,3,1786547381658,2026-08-12T22:09:41.658,1,1
1615,bc2c14bd2bf7551f5633c01663847239,90.0,3,1786547382659,2026-08-12T22:09:42.659,1,1
1616,bc2c14bd2bf7551f5633c01663847239,90.0,3,1786547383658,2026-08-12T22:09:43.658,1,1
1617,bc2c14bd2bf7551f5633c01663847239,90.0,3,1786547384660,2026-08-12T22:09:44.660,1,1
1618,bc2c14bd2bf7551f5633c01663847239,90.0,3,1786547385659,2026-08-12T22:09:45.659,1,1
1619,bc2c14bd2bf7551f5633c01663847239,90.0,3,1786547386658,2026-08-12T22:09:46.658,1,1
1620,bc2c14bd2bf7551f5633c01663847239,90.0,3,1786547387658,2026-08-12T22:09:47.658,1,1
1621,bc2c14bd2bf7551f5633c01663847239,90.0,3,1786547388658,2026-08-12T22:09:48.658,1,1
1622,bc2c14bd2bf7551f5633c01663847239,91.0,3,1786547389658,2026-08-12T22:09:49.658,1,1
1623,bc2c14bd2bf7551f5633c01663847239,91.0,3,1786547390658,2026-08-12T22:09:50.658,1,1
1624,bc2c14bd2bf7551f5633c01663847239,91.0,3,1786547391658,2026-08-12T22:09:51.658,1,1
1625,bc2c14bd2bf7551f5633c01663847239,92.0,3,1786547392658,2026-08-12T22:09:52.658,1,1
1626,bc2c14bd2bf7551f5633c01663847239,93.0,3,1786547393658,2026-08-12T22:09:53.658,1,1
1627,bc2c14bd2bf7551f5633c01663847239,93.0,3,1786547394658,2026-08-12T22:09:54.658,1,1
1628,bc2c14bd2bf7551f5633c01663847239,92.0,3,1786547395658,2026-08-12T22:09:55.658,1,1
1629,bc2c14bd2bf7551f5633c01663847239,91.0,3,1786547396659,2026-08-12T22:09:56.659,1,1
1630,bc2c14bd2bf7551f5633c01663847239,91.0,3,1786547397659,2026-08-12T22:09:57.659,1,1
1631,bc2c14bd2bf7551f5633c01663847239,91.0,3,1786547398657,2026-08-12T22:09:58.657,1,1
1632,bc2c14bd2bf7551f5633c01663847239,93.0,3,1786547399659,2026-08-12T22:09:59.659,1,1
1633,bc2c14bd2bf7551f5633c01663847239,93.0,3,1786547400658,2026-08-12T22:10:00.658,1,1
1634,bc2c14bd2bf7551f5633c01663847239,91.0,3,1786547401667,2026-08-12T22:10:01.667,1,1
1635,bc2c14bd2bf7551f5633c01663847239,91.0,3,1786547402667,2026-08-12T22:10:02.667,1,1
1636,bc2c14bd2bf7551f5633c01663847239,91.0,3,1786547403666,2026-08-12T22:10:03.666,1,1
1637,bc2c14bd2bf7551f5633c01663847239,92.0,3,1786547404674,2026-08-12T22:10:04.674,1,1
1638,bc2c14bd2bf7551f5633c01663847239,91.0,3,1786547405675,2026-08-12T22:10:05.675,1,1
1639,bc2c14bd2bf7551f5633c01663847239,91.0,3,1786547406675,2026-08-12T22:10:06.675,1,1
1640,bc2c14bd2bf7551f5633c01663847239,92.0,3,1786547407658,2026-08-12T22:10:07.658,1,1
1641,bc2c14bd2bf7551f5633c01663847239,93.0,3,1786547408658,2026-08-12T22:10:08.658,1,1
1642,bc2c14bd2bf7551f5633c01663847239,93.0,3,1786547409675,2026-08-12T22:10:09.675,1,1
1643,bc2c14bd2bf7551f5633c01663847239,93.0,3,1786547410661,2026-08-12T22:10:10.661,1,0
1644,bc2c14bd2bf7551f5633c01663847239,93.0,3,1786547411657,2026-08-12T22:10:11.657,1,1
1645,bc2c14bd2bf7551f5633c01663847239,92.0,3,1786547412659,2026-08-12T22:10:12.659,1,1
1646,bc2c14bd2bf7551f5633c01663847239,91.0,3,1786547413658,2026-08-12T22:10:13.658,1,1
1647,bc2c14bd2bf7551f5633c01663847239,90.0,3,1786547414658,2026-08-12T22:10:14.658,1,1
1648,bc2c14bd2bf7551f5633c01663847239,89.0,3,1786547415658,2026-08-12T22:10:15.658,1,1
1649,bc2c14bd2bf7551f5633c01663847239,90.0,3,1786547416659,2026-08-12T22:10:16.659,1,1
1650,bc2c14bd2bf7551f5633c01663847239,89.0,3,1786547417658,2026-08-12T22:10:17.658,1,1
1651,bc2c14bd2bf7551f5633c01663847239,89.0,3,1786547418658,2026-08-12T22:10:18.658,1,1
1652,bc2c14bd2bf7551f5633c01663847239,88.0,3,1786547419658,2026-08-12T22:10:19.658,1,1
1653,bc2c14bd2bf7551f5633c01663847239,87.0,3,1786547420660,2026-08-12T22:10:20.660,1,1
1654,bc2c14bd2bf7551f5633c01663847239,87.0,3,1786547421664,2026-08-12T22:10:21.664,1,1
1655,bc2c14bd2bf7551f5633c01663847239,86.0,3,1786547422659,2026-08-12T22:10:22.659,1,1
1656,bc2c14bd2bf7551f5633c01663847239,86.0,3,1786547423658,2026-08-12T22:10:23.658,1,1
1657,bc2c14bd2bf7551f5633c01663847239,86.0,3,1786547424658,2026-08-12T22:10:24.658,1,1
1658,bc2c14bd2bf7551f5633c01663847239,87.0,3,1786547425658,2026-08-12T22:10:25.658,1,1
1659,bc2c14bd2bf7551f5633c01663847239,87.0,3,1786547426660,2026-08-12T22:10:26.660,1,1
1660,bc2c14bd2bf7551f5633c01663847239,88.0,3,1786547427658,2026-08-12T22:10:27.658,1,1
1661,bc2c14bd2bf7551f5633c01663847239,88.0,3,1786547428659,2026-08-12T22:10:28.659,1,1
1662,bc2c14bd2bf7551f5633c01663847239,89.0,3,1786547429658,2026-08-12T22:10:29.658,1,1
1663,bc2c14bd2bf7551f5633c01663847239,90.0,3,1786547430658,2026-08-12T22:10:30.658,1,1
1664,bc2c14bd2bf7551f5633c01663847239,91.0,3,1786547431657,2026-08-12T22:10:31.657,1,1
1665,bc2c14bd2bf7551f5633c01663847239,92.0,3,1786547432658,2026-08-12T22:10:32.658,1,1
1666,bc2c14bd2bf7551f5633c01663847239,92.0,3,1786547433669,2026-08-12T22:10:33.669,1,1
1667,bc2c14bd2bf7551f5633c01663847239,92.0,3,1786547434666,2026-08-12T22:10:34.666,1,1
1668,bc2c14bd2bf7551f5633c01663847239,93.0,3,1786547435664,2026-08-12T22:10:35.664,1,1
1669,bc2c14bd2bf7551f5633c01663847239,92.0,3,1786547436664,2026-08-12T22:10:36.664,1,1
1670,bc2c14bd2bf7551f5633c01663847239,92.0,3,1786547437663,2026-08-12T22:10:37.663,1,1
1671,bc2c14bd2bf7551f5633c01663847239,92.0,3,1786547438657,2026-08-12T22:10:38.657,1,1
1672,bc2c14bd2bf7551f5633c01663847239,91.0,3,1786547439657,2026-08-12T22:10:39.657,1,1
1673,bc2c14bd2bf7551f5633c01663847239,91.0,3,1786547440658,2026-08-12T22:10:40.658,1,1
1674,bc2c14bd2bf7551f5633c01663847239,90.0,3,1786547441660,2026-08-12T22:10:41.660,1,1
1675,bc2c14bd2bf7551f5633c01663847239,90.0,3,1786547442657,2026-08-12T22:10:42.657,1,1
1676,bc2c14bd2bf7551f5633c01663847239,90.0,3,1786547443657,2026-08-12T22:10:43.657,1,1
1677,bc2c14bd2bf7551f5633c01663847239,89.0,3,1786547444657,2026-08-12T22:10:44.657,1,1
1678,bc2c14bd2bf7551f5633c01663847239,90.0,3,1786547445657,2026-08-12T22:10:45.657,1,1
1679,bc2c14bd2bf7551f5633c01663847239,90.0,3,1786547446658,2026-08-12T22:10:46.658,1,1
1680,bc2c14bd2bf7551f5633c01663847239,91.0,3,1786547447659,2026-08-12T22:10:47.659,1,1
1681,bc2c14bd2bf7551f5633c01663847239,92.0,3,1786547448660,2026-08-12T22:10:48.660,1,1
1682,bc2c14bd2bf7551f5633c01663847239,92.0,3,1786547449658,2026-08-12T22:10:49.658,1,1
1683,bc2c14bd2bf7551f5633c01663847239,91.0,3,1786547450658,2026-08-12T22:10:50.658,1,1
1684,bc2c14bd2bf7551f5633c01663847239,90.0,3,1786547451658,2026-08-12T22:10:51.658,1,1
1685,bc2c14bd2bf7551f5633c01663847239,89.0,3,1786547452658,2026-08-12T22:10:52.658,1,1
1686,bc2c14bd2bf7551f5633c01663847239,88.0,3,1786547453658,2026-08-12T22:10:53.658,1,1
1687,bc2c14bd2bf7551f5633c01663847239,87.0,3,1786547454658,2026-08-12T22:10:54.658,1,1
1688,bc2c14bd2bf7551f5633c01663847239,87.0,3,1786547455657,2026-08-12T22:10:55.657,1,1
1689,bc2c14bd2bf7551f5633c01663847239,87.0,3,1786547456658,2026-08-12T22:10:56.658,1,1
1690,bc2c14bd2bf7551f5633c01663847239,87.0,3,1786547457658,2026-08-12T22:10:57.658,1,1
1691,bc2c14bd2bf7551f5633c01663847239,89.0,3,1786547458658,2026-08-12T22:10:58.658,1,1
1692,bc2c14bd2bf7551f5633c01663847239,89.0,3,1786547459659,2026-08-12T22:10:59.659,1,1
1693,bc2c14bd2bf7551f5633c01663847239,90.0,3,1786547460668,2026-08-12T22:11:00.668,1,1
1694,bc2c14bd2bf7551f5633c01663847239,92.0,3,1786547461665,2026-08-12T22:11:01.665,1,1
1695,bc2c14bd2bf7551f5633c01663847239,91.0,3,1786547462657,2026-08-12T22:11:02.657,1,1
1696,bc2c14bd2bf7551f5633c01663847239,90.0,3,1786547463657,2026-08-12T22:11:03.657,1,1
1697,bc2c14bd2bf7551f5633c01663847239,90.0,3,1786547464661,2026-08-12T22:11:04.661,1,1
1698,bc2c14bd2bf7551f5633c01663847239,89.0,3,1786547465660,2026-08-12T22:11:05.660,1,1
1699,bc2c14bd2bf7551f5633c01663847239,89.0,3,1786547466794,2026-08-12T22:11:06.794,1,1
1700,bc2c14bd2bf7551f5633c01663847239,89.0,3,1786547467658,2026-08-12T22:11:07.658,1,1
1701,bc2c14bd2bf7551f5633c01663847239,88.0,3,1786547468659,2026-08-12T22:11:08.659,1,1
1702,bc2c14bd2bf7551f5633c01663847239,89.0,3,1786547469658,2026-08-12T22:11:09.658,1,1
1703,bc2c14bd2bf7551f5633c01663847239,89.0,3,1786547470658,2026-08-12T22:11:10.658,1,1
1704,bc2c14bd2bf7551f5633c01663847239,90.0,3,1786547471658,2026-08-12T22:11:11.658,1,1
1705,bc2c14bd2bf7551f5633c01663847239,91.0,3,1786547472660,2026-08-12T22:11:12.660,1,1
1706,bc2c14bd2bf7551f5633c01663847239,91.0,3,1786547473663,2026-08-12T22:11:13.663,1,1
1707,bc2c14bd2bf7551f5633c01663847239,91.0,3,1786547474659,2026-08-12T22:11:14.659,1,1
1708,bc2c14bd2bf7551f5633c01663847239,91.0,3,1786547475659,2026-08-12T22:11:15.659,1,1
1709,bc2c14bd2bf7551f5633c01663847239,91.0,3,1786547476660,2026-08-12T22:11:16.660,1,1
1710,bc2c14bd2bf7551f5633c01663847239,91.0,3,1786547477660,2026-08-12T22:11:17.660,1,1
1711,bc2c14bd2bf7551f5633c01663847239,90.0,3,1786547478660,2026-08-12T22:11:18.660,1,1
1712,bc2c14bd2bf7551f5633c01663847239,89.0,3,1786547479660,2026-08-12T22:11:19.660,1,1
1713,bc2c14bd2bf7551f5633c01663847239,88.0,3,1786547480660,2026-08-12T22:11:20.660,1,1
1714,bc2c14bd2bf7551f5633c01663847239,87.0,3,1786547481660,2026-08-12T22:11:21.660,1,1
1715,bc2c14bd2bf7551f5633c01663847239,86.0,3,1786547482660,2026-08-12T22:11:22.660,1,1
1716,bc2c14bd2bf7551f5633c01663847239,86.0,3,1786547483660,2026-08-12T22:11:23.660,1,1
1717,bc2c14bd2bf7551f5633c01663847239,86.0,3,1786547484661,2026-08-12T22:11:24.661,1,1
1718,bc2c14bd2bf7551f5633c01663847239,86.0,3,1786547485660,2026-08-12T22:11:25.660,1,1
1719,bc2c14bd2bf7551f5633c01663847239,86.0,3,1786547486660,2026-08-12T22:11:26.660,1,1
1720,bc2c14bd2bf7551f5633c01663847239,86.0,3,1786547487660,2026-08-12T22:11:27.660,1,1
1721,bc2c14bd2bf7551f5633c01663847239,86.0,3,1786547488660,2026-08-12T22:11:28.660,1,1
1722,bc2c14bd2bf7551f5633c01663847239,85.0,3,1786547489659,2026-08-12T22:11:29.659,1,1
1723,bc2c14bd2bf7551f5633c01663847239,84.0,3,1786547490660,2026-08-12T22:11:30.660,1,1
1724,bc2c14bd2bf7551f5633c01663847239,84.0,3,1786547491660,2026-08-12T22:11:31.660,1,1
1725,bc2c14bd2bf7551f5633c01663847239,84.0,3,1786547492660,2026-08-12T22:11:32.660,1,1
1726,bc2c14bd2bf7551f5633c01663847239,85.0,3,1786547493660,2026-08-12T22:11:33.660,1,1
1727,bc2c14bd2bf7551f5633c01663847239,85.0,3,1786547494659,2026-08-12T22:11:34.659,1,1
1728,bc2c14bd2bf7551f5633c01663847239,86.0,3,1786547495661,2026-08-12T22:11:35.661,1,1
1729,bc2c14bd2bf7551f5633c01663847239,86.0,3,1786547496661,2026-08-12T22:11:36.661,1,1
1730,bc2c14bd2bf7551f5633c01663847239,87.0,3,1786547497661,2026-08-12T22:11:37.661,1,1
1731,bc2c14bd2bf7551f5633c01663847239,87.0,3,1786547498658,2026-08-12T22:11:38.658,1,1
1732,bc2c14bd2bf7551f5633c01663847239,89.0,3,1786547499657,2026-08-12T22:11:39.657,1,1
1733,bc2c14bd2bf7551f5633c01663847239,89.0,3,1786547500658,2026-08-12T22:11:40.658,1,1
1734,bc2c14bd2bf7551f5633c01663847239,92.0,3,1786547501666,2026-08-12T22:11:41.666,1,1
1735,bc2c14bd2bf7551f5633c01663847239,93.0,3,1786547502664,2026-08-12T22:11:42.664,1,1
1736,bc2c14bd2bf7551f5633c01663847239,95.0,3,1786547503676,2026-08-12T22:11:43.676,1,1
1737,bc2c14bd2bf7551f5633c01663847239,95.0,3,1786547504659,2026-08-12T22:11:44.659,1,1
1738,bc2c14bd2bf7551f5633c01663847239,95.0,3,1786547505661,2026-08-12T22:11:45.661,1,1
1739,bc2c14bd2bf7551f5633c01663847239,96.0,3,1786547506657,2026-08-12T22:11:46.657,1,1
1740,bc2c14bd2bf7551f5633c01663847239,95.0,3,1786547507659,2026-08-12T22:11:47.659,1,1
1741,bc2c14bd2bf7551f5633c01663847239,93.0,3,1786547508658,2026-08-12T22:11:48.658,1,1
1742,bc2c14bd2bf7551f5633c01663847239,93.0,3,1786547509658,2026-08-12T22:11:49.658,1,1
1743,bc2c14bd2bf7551f5633c01663847239,93.0,3,1786547510658,2026-08-12T22:11:50.658,1,1
1744,bc2c14bd2bf7551f5633c01663847239,92.0,3,1786547511660,2026-08-12T22:11:51.660,1,1
1745,bc2c14bd2bf7551f5633c01663847239,92.0,3,1786547512659,2026-08-12T22:11:52.659,1,1
1746,bc2c14bd2bf7551f5633c01663847239,92.0,3,1786547513658,2026-08-12T22:11:53.658,1,1
1747,bc2c14bd2bf7551f5633c01663847239,91.0,3,1786547514658,2026-08-12T22:11:54.658,1,1
1748,bc2c14bd2bf7551f5633c01663847239,91.0,3,1786547515658,2026-08-12T22:11:55.658,1,1
1749,bc2c14bd2bf7551f5633c01663847239,91.0,3,1786547516658,2026-08-12T22:11:56.658,1,1
1750,bc2c14bd2bf7551f5633c01663847239,90.0,3,1786547517658,2026-08-12T22:11:57.658,1,1
1751,bc2c14bd2bf7551f5633c01663847239,89.0,3,1786547518658,2026-08-12T22:11:58.658,1,1
1752,bc2c14bd2bf7551f5633c01663847239,89.0,3,1786547519658,2026-08-12T22:11:59.658,1,1
1753,bc2c14bd2bf7551f5633c01663847239,89.0,3,1786547520658,2026-08-12T22:12:00.658,1,1
1754,bc2c14bd2bf7551f5633c01663847239,88.0,3,1786547521658,2026-08-12T22:12:01.658,1,1
1755,bc2c14bd2bf7551f5633c01663847239,88.0,3,1786547522658,2026-08-12T22:12:02.658,1,1
1756,bc2c14bd2bf7551f5633c01663847239,87.0,3,1786547523658,2026-08-12T22:12:03.658,1,1
1757,bc2c14bd2bf7551f5633c01663847239,85.0,3,1786547524658,2026-08-12T22:12:04.658,1,1
1758,bc2c14bd2bf7551f5633c01663847239,84.0,3,1786547525658,2026-08-12T22:12:05.658,1,1
1759,bc2c14bd2bf7551f5633c01663847239,85.0,3,1786547526659,2026-08-12T22:12:06.659,1,1
1760,bc2c14bd2bf7551f5633c01663847239,87.0,3,1786547527661,2026-08-12T22:12:07.661,1,1
1761,bc2c14bd2bf7551f5633c01663847239,88.0,3,1786547528666,2026-08-12T22:12:08.666,1,1
1762,bc2c14bd2bf7551f5633c01663847239,89.0,3,1786547529666,2026-08-12T22:12:09.666,1,1
1763,bc2c14bd2bf7551f5633c01663847239,90.0,3,1786547530664,2026-08-12T22:12:10.664,1,1
1764,bc2c14bd2bf7551f5633c01663847239,90.0,3,1786547531664,2026-08-12T22:12:11.664,1,1
1765,bc2c14bd2bf7551f5633c01663847239,89.0,3,1786547532662,2026-08-12T22:12:12.662,1,1
1766,bc2c14bd2bf7551f5633c01663847239,89.0,3,1786547533657,2026-08-12T22:12:13.657,1,1
1767,bc2c14bd2bf7551f5633c01663847239,88.0,3,1786547534660,2026-08-12T22:12:14.660,1,1
1768,bc2c14bd2bf7551f5633c01663847239,88.0,3,1786547535658,2026-08-12T22:12:15.658,1,1
1769,bc2c14bd2bf7551f5633c01663847239,88.0,3,1786547536657,2026-08-12T22:12:16.657,1,1
1770,bc2c14bd2bf7551f5633c01663847239,87.0,3,1786547537657,2026-08-12T22:12:17.657,1,1
1771,bc2c14bd2bf7551f5633c01663847239,86.0,3,1786547538658,2026-08-12T22:12:18.658,1,1
1772,bc2c14bd2bf7551f5633c01663847239,85.0,3,1786547539661,2026-08-12T22:12:19.661,1,1
1773,bc2c14bd2bf7551f5633c01663847239,85.0,3,1786547540659,2026-08-12T22:12:20.659,1,1
1774,bc2c14bd2bf7551f5633c01663847239,85.0,3,1786547541659,2026-08-12T22:12:21.659,1,1
1775,bc2c14bd2bf7551f5633c01663847239,84.0,3,1786547542659,2026-08-12T22:12:22.659,1,1
1776,bc2c14bd2bf7551f5633c01663847239,83.0,3,1786547543658,2026-08-12T22:12:23.658,1,1
1777,bc2c14bd2bf7551f5633c01663847239,83.0,3,1786547544658,2026-08-12T22:12:24.658,1,1
1778,bc2c14bd2bf7551f5633c01663847239,83.0,3,1786547545658,2026-08-12T22:12:25.658,1,1
1779,bc2c14bd2bf7551f5633c01663847239,84.0,3,1786547546658,2026-08-12T22:12:26.658,1,1
1780,bc2c14bd2bf7551f5633c01663847239,85.0,3,1786547547658,2026-08-12T22:12:27.658,1,1
1781,bc2c14bd2bf7551f5633c01663847239,87.0,3,1786547548658,2026-08-12T22:12:28.658,1,1
1782,bc2c14bd2bf7551f5633c01663847239,88.0,3,1786547549658,2026-08-12T22:12:29.658,1,1
1783,bc2c14bd2bf7551f5633c01663847239,89.0,3,1786547550668,2026-08-12T22:12:30.668,1,1
1784,bc2c14bd2bf7551f5633c01663847239,90.0,3,1786547551666,2026-08-12T22:12:31.666,1,1
1785,bc2c14bd2bf7551f5633c01663847239,91.0,3,1786547552663,2026-08-12T22:12:32.663,1,1
1786,bc2c14bd2bf7551f5633c01663847239,90.0,3,1786547553662,2026-08-12T22:12:33.662,1,1
1787,bc2c14bd2bf7551f5633c01663847239,90.0,3,1786547554662,2026-08-12T22:12:34.662,1,1
1788,bc2c14bd2bf7551f5633c01663847239,89.0,3,1786547555658,2026-08-12T22:12:35.658,1,1
1789,bc2c14bd2bf7551f5633c01663847239,88.0,3,1786547556658,2026-08-12T22:12:36.658,1,1
1790,bc2c14bd2bf7551f5633c01663847239,88.0,3,1786547557658,2026-08-12T22:12:37.658,1,1
1791,bc2c14bd2bf7551f5633c01663847239,89.0,3,1786547558669,2026-08-12T22:12:38.669,1,1
1792,bc2c14bd2bf7551f5633c01663847239,90.0,3,1786547559657,2026-08-12T22:12:39.657,1,1
1793,bc2c14bd2bf7551f5633c01663847239,91.0,3,1786547560660,2026-08-12T22:12:40.660,1,1
1794,bc2c14bd2bf7551f5633c01663847239,92.0,3,1786547561660,2026-08-12T22:12:41.660,1,1
1795,bc2c14bd2bf7551f5633c01663847239,93.0,3,1786547562660,2026-08-12T22:12:42.660,1,1
1796,bc2c14bd2bf7551f5633c01663847239,93.0,3,1786547563660,2026-08-12T22:12:43.660,1,1
1797,bc2c14bd2bf7551f5633c01663847239,93.0,3,1786547564659,2026-08-12T22:12:44.659,1,1
1798,bc2c14bd2bf7551f5633c01663847239,94.0,3,1786547565660,2026-08-12T22:12:45.660,1,1
1799,bc2c14bd2bf7551f5633c01663847239,95.0,3,1786547566660,2026-08-12T22:12:46.660,1,1
1800,bc2c14bd2bf7551f5633c01663847239,95.0,3,1786547567660,2026-08-12T22:12:47.660,1,1
1801,bc2c14bd2bf7551f5633c01663847239,94.0,3,1786547568660,2026-08-12T22:12:48.660,1,1
1802,bc2c14bd2bf7551f5633c01663847239,93.0,3,1786547569657,2026-08-12T22:12:49.657,1,1
1803,bc2c14bd2bf7551f5633c01663847239,94.0,3,1786547570658,2026-08-12T22:12:50.658,1,1
1804,bc2c14bd2bf7551f5633c01663847239,95.0,3,1786547571658,2026-08-12T22:12:51.658,1,1
1805,bc2c14bd2bf7551f5633c01663847239,95.0,3,1786547572662,2026-08-12T22:12:52.662,1,1
1806,bc2c14bd2bf7551f5633c01663847239,94.0,3,1786547573659,2026-08-12T22:12:53.659,1,1
1807,bc2c14bd2bf7551f5633c01663847239,93.0,3,1786547574657,2026-08-12T22:12:54.657,1,1
1808,bc2c14bd2bf7551f5633c01663847239,92.0,3,1786547575658,2026-08-12T22:12:55.658,1,1
1809,bc2c14bd2bf7551f5633c01663847239,91.0,3,1786547576658,2026-08-12T22:12:56.658,1,1
1810,bc2c14bd2bf7551f5633c01663847239,91.0,3,1786547577658,2026-08-12T22:12:57.658,1,1
1811,bc2c14bd2bf7551f5633c01663847239,92.0,3,1786547578660,2026-08-12T22:12:58.660,1,1
1812,bc2c14bd2bf7551f5633c01663847239,93.0,3,1786547579660,2026-08-12T22:12:59.660,1,1
1813,bc2c14bd2bf7551f5633c01663847239,93.0,3,1786547580659,2026-08-12T22:13:00.659,1,1
1814,bc2c14bd2bf7551f5633c01663847239,93.0,3,1786547581658,2026-08-12T22:13:01.658,1,1
1815,bc2c14bd2bf7551f5633c01663847239,92.0,3,1786547582658,2026-08-12T22:13:02.658,1,1
1816,bc2c14bd2bf7551f5633c01663847239,91.0,3,1786547583658,2026-08-12T22:13:03.658,1,1
1817,bc2c14bd2bf7551f5633c01663847239,90.0,3,1786547584658,2026-08-12T22:13:04.658,1,1
1818,bc2c14bd2bf7551f5633c01663847239,89.0,3,1786547585658,2026-08-12T22:13:05.658,1,1
1819,bc2c14bd2bf7551f5633c01663847239,89.0,3,1786547586659,2026-08-12T22:13:06.659,1,1
1820,bc2c14bd2bf7551f5633c01663847239,90.0,3,1786547587665,2026-08-12T22:13:07.665,1,1
1821,bc2c14bd2bf7551f5633c01663847239,91.0,3,1786547588663,2026-08-12T22:13:08.663,1,1
1822,bc2c14bd2bf7551f5633c01663847239,90.0,3,1786547589661,2026-08-12T22:13:09.661,1,1
1823,bc2c14bd2bf7551f5633c01663847239,89.0,3,1786547590658,2026-08-12T22:13:10.658,1,1
1824,bc2c14bd2bf7551f5633c01663847239,90.0,3,1786547591658,2026-08-12T22:13:11.658,1,1
1825,bc2c14bd2bf7551f5633c01663847239,90.0,3,1786547592658,2026-08-12T22:13:12.658,1,1
1826,bc2c14bd2bf7551f5633c01663847239,91.0,3,1786547593659,2026-08-12T22:13:13.659,1,1
1827,bc2c14bd2bf7551f5633c01663847239,92.0,3,1786547594658,2026-08-12T22:13:14.658,1,1
1828,bc2c14bd2bf7551f5633c01663847239,92.0,3,1786547595658,2026-08-12T22:13:15.658,1,1
1829,bc2c14bd2bf7551f5633c01663847239,92.0,3,1786547596658,2026-08-12T22:13:16.658,1,1
1830,bc2c14bd2bf7551f5633c01663847239,91.0,3,1786547597659,2026-08-12T22:13:17.659,1,1
1831,bc2c14bd2bf7551f5633c01663847239,91.0,3,1786547598658,2026-08-12T22:13:18.658,1,1
1832,bc2c14bd2bf7551f5633c01663847239,91.0,3,1786547599658,2026-08-12T22:13:19.658,1,1
1833,bc2c14bd2bf7551f5633c01663847239,91.0,3,1786547600658,2026-08-12T22:13:20.658,1,1
1834,bc2c14bd2bf7551f5633c01663847239,91.0,3,1786547601658,2026-08-12T22:13:21.658,1,1
1835,bc2c14bd2bf7551f5633c01663847239,92.0,3,1786547602659,2026-08-12T22:13:22.659,1,1
1836,bc2c14bd2bf7551f5633c01663847239,92.0,3,1786547603663,2026-08-12T22:13:23.663,1,1
1837,bc2c14bd2bf7551f5633c01663847239,91.0,3,1786547604665,2026-08-12T22:13:24.665,1,1
1838,bc2c14bd2bf7551f5633c01663847239,90.0,3,1786547605663,2026-08-12T22:13:25.663,1,1
1839,bc2c14bd2bf7551f5633c01663847239,90.0,3,1786547606660,2026-08-12T22:13:26.660,1,1
1840,bc2c14bd2bf7551f5633c01663847239,90.0,3,1786547607659,2026-08-12T22:13:27.659,1,1
1841,bc2c14bd2bf7551f5633c01663847239,91.0,3,1786547608658,2026-08-12T22:13:28.658,1,1
1842,bc2c14bd2bf7551f5633c01663847239,91.0,3,1786547609658,2026-08-12T22:13:29.658,1,1
1843,bc2c14bd2bf7551f5633c01663847239,91.0,3,1786547610658,2026-08-12T22:13:30.658,1,1
1844,bc2c14bd2bf7551f5633c01663847239,91.0,3,1786547611658,2026-08-12T22:13:31.658,1,1
1845,bc2c14bd2bf7551f5633c01663847239,90.0,3,1786547612658,2026-08-12T22:13:32.658,1,1
1846,bc2c14bd2bf7551f5633c01663847239,90.0,3,1786547613660,2026-08-12T22:13:33.660,1,1
1847,bc2c14bd2bf7551f5633c01663847239,89.0,3,1786547614658,2026-08-12T22:13:34.658,1,1
1848,bc2c14bd2bf7551f5633c01663847239,89.0,3,1786547615658,2026-08-12T22:13:35.658,1,1
1849,bc2c14bd2bf7551f5633c01663847239,89.0,3,1786547616658,2026-08-12T22:13:36.658,1,1
1850,bc2c14bd2bf7551f5633c01663847239,89.0,3,1786547617659,2026-08-12T22:13:37.659,1,1
1851,bc2c14bd2bf7551f5633c01663847239,88.0,3,1786547618658,2026-08-12T22:13:38.658,1,1
1852,bc2c14bd2bf7551f5633c01663847239,88.0,3,1786547619658,2026-08-12T22:13:39.658,1,1
1853,bc2c14bd2bf7551f5633c01663847239,86.0,3,1786547620657,2026-08-12T22:13:40.657,1,1
1854,bc2c14bd2bf7551f5633c01663847239,85.0,3,1786547621662,2026-08-12T22:13:41.662,1,1
1855,bc2c14bd2bf7551f5633c01663847239,85.0,3,1786547622666,2026-08-12T22:13:42.666,1,1
1856,bc2c14bd2bf7551f5633c01663847239,86.0,3,1786547623664,2026-08-12T22:13:43.664,1,1
1857,bc2c14bd2bf7551f5633c01663847239,86.0,3,1786547624661,2026-08-12T22:13:44.661,1,1
1858,bc2c14bd2bf7551f5633c01663847239,85.0,3,1786547625667,2026-08-12T22:13:45.667,1,1
1859,bc2c14bd2bf7551f5633c01663847239,86.0,3,1786547626670,2026-08-12T22:13:46.670,1,1
1860,bc2c14bd2bf7551f5633c01663847239,87.0,3,1786547627673,2026-08-12T22:13:47.673,1,1
1861,bc2c14bd2bf7551f5633c01663847239,86.0,3,1786547628666,2026-08-12T22:13:48.666,1,1
1862,bc2c14bd2bf7551f5633c01663847239,87.0,3,1786547629665,2026-08-12T22:13:49.665,1,1
1863,bc2c14bd2bf7551f5633c01663847239,87.0,3,1786547630668,2026-08-12T22:13:50.668,1,1
1864,bc2c14bd2bf7551f5633c01663847239,86.0,3,1786547631662,2026-08-12T22:13:51.662,1,1
1865,bc2c14bd2bf7551f5633c01663847239,87.0,3,1786547632659,2026-08-12T22:13:52.659,1,1
1866,bc2c14bd2bf7551f5633c01663847239,87.0,3,1786547633658,2026-08-12T22:13:53.658,1,0
1867,bc2c14bd2bf7551f5633c01663847239,88.0,3,1786547634658,2026-08-12T22:13:54.658,1,1
1868,bc2c14bd2bf7551f5633c01663847239,89.0,3,1786547635658,2026-08-12T22:13:55.658,1,1
1869,bc2c14bd2bf7551f5633c01663847239,91.0,3,1786547636658,2026-08-12T22:13:56.658,1,1
1870,bc2c14bd2bf7551f5633c01663847239,92.0,3,1786547637658,2026-08-12T22:13:57.658,1,1
1871,bc2c14bd2bf7551f5633c01663847239,92.0,3,1786547638658,2026-08-12T22:13:58.658,1,1
1872,bc2c14bd2bf7551f5633c01663847239,91.0,3,1786547639658,2026-08-12T22:13:59.658,1,1
1873,bc2c14bd2bf7551f5633c01663847239,91.0,3,1786547640658,2026-08-12T22:14:00.658,1,1
1874,bc2c14bd2bf7551f5633c01663847239,91.0,3,1786547641666,2026-08-12T22:14:01.666,1,1
1875,bc2c14bd2bf7551f5633c01663847239,91.0,3,1786547642662,2026-08-12T22:14:02.662,1,1
1876,bc2c14bd2bf7551f5633c01663847239,91.0,3,1786547643661,2026-08-12T22:14:03.661,1,1
1877,bc2c14bd2bf7551f5633c01663847239,90.0,3,1786547644658,2026-08-12T22:14:04.658,1,1
1878,bc2c14bd2bf7551f5633c01663847239,89.0,3,1786547645658,2026-08-12T22:14:05.658,1,1
1879,bc2c14bd2bf7551f5633c01663847239,88.0,3,1786547646658,2026-08-12T22:14:06.658,1,1
1880,bc2c14bd2bf7551f5633c01663847239,87.0,3,1786547647661,2026-08-12T22:14:07.661,1,1
1881,bc2c14bd2bf7551f5633c01663847239,86.0,3,1786547648669,2026-08-12T22:14:08.669,1,1
1882,bc2c14bd2bf7551f5633c01663847239,86.0,3,1786547649658,2026-08-12T22:14:09.658,1,1
1883,bc2c14bd2bf7551f5633c01663847239,87.0,3,1786547650658,2026-08-12T22:14:10.658,1,1
1884,bc2c14bd2bf7551f5633c01663847239,88.0,3,1786547651658,2026-08-12T22:14:11.658,1,1
1885,bc2c14bd2bf7551f5633c01663847239,88.0,3,1786547652659,2026-08-12T22:14:12.659,1,1
1886,bc2c14bd2bf7551f5633c01663847239,88.0,3,1786547653659,2026-08-12T22:14:13.659,1,1
1887,bc2c14bd2bf7551f5633c01663847239,88.0,3,1786547654658,2026-08-12T22:14:14.658,1,1
1888,bc2c14bd2bf7551f5633c01663847239,89.0,3,1786547655657,2026-08-12T22:14:15.657,1,1
1889,bc2c14bd2bf7551f5633c01663847239,90.0,3,1786547656658,2026-08-12T22:14:16.658,1,1
1890,bc2c14bd2bf7551f5633c01663847239,90.0,3,1786547657664,2026-08-12T22:14:17.664,1,1
1891,bc2c14bd2bf7551f5633c01663847239,91.0,3,1786547658667,2026-08-12T22:14:18.667,1,1
1892,bc2c14bd2bf7551f5633c01663847239,91.0,3,1786547659663,2026-08-12T22:14:19.663,1,1
1893,bc2c14bd2bf7551f5633c01663847239,91.0,3,1786547660663,2026-08-12T22:14:20.663,1,1
1894,bc2c14bd2bf7551f5633c01663847239,92.0,3,1786547661663,2026-08-12T22:14:21.663,1,1
1895,bc2c14bd2bf7551f5633c01663847239,92.0,3,1786547662659,2026-08-12T22:14:22.659,1,1
1896,bc2c14bd2bf7551f5633c01663847239,92.0,3,1786547663660,2026-08-12T22:14:23.660,1,1
1897,bc2c14bd2bf7551f5633c01663847239,91.0,3,1786547664658,2026-08-12T22:14:24.658,1,1
1898,bc2c14bd2bf7551f5633c01663847239,91.0,3,1786547665658,2026-08-12T22:14:25.658,1,1
1899,bc2c14bd2bf7551f5633c01663847239,91.0,3,1786547666658,2026-08-12T22:14:26.658,1,1
1900,bc2c14bd2bf7551f5633c01663847239,90.0,3,1786547667660,2026-08-12T22:14:27.660,1,1
1901,bc2c14bd2bf7551f5633c01663847239,90.0,3,1786547668658,2026-08-12T22:14:28.658,1,1
1902,bc2c14bd2bf7551f5633c01663847239,91.0,3,1786547669658,2026-08-12T22:14:29.658,1,1
1903,bc2c14bd2bf7551f5633c01663847239,91.0,3,1786547670658,2026-08-12T22:14:30.658,1,1
1904,bc2c14bd2bf7551f5633c01663847239,92.0,3,1786547671658,2026-08-12T22:14:31.658,1,1
1905,bc2c14bd2bf7551f5633c01663847239,91.0,3,1786547672658,2026-08-12T22:14:32.658,1,1
1906,bc2c14bd2bf7551f5633c01663847239,92.0,3,1786547673659,2026-08-12T22:14:33.659,1,1
1907,bc2c14bd2bf7551f5633c01663847239,93.0,3,1786547674660,2026-08-12T22:14:34.660,1,1
1908,bc2c14bd2bf7551f5633c01663847239,93.0,3,1786547675658,2026-08-12T22:14:35.658,1,1
1909,bc2c14bd2bf7551f5633c01663847239,92.0,3,1786547676658,2026-08-12T22:14:36.658,1,1
1910,bc2c14bd2bf7551f5633c01663847239,92.0,3,1786547677658,2026-08-12T22:14:37.658,1,1
1911,bc2c14bd2bf7551f5633c01663847239,91.0,3,1786547678659,2026-08-12T22:14:38.659,1,1
1912,bc2c14bd2bf7551f5633c01663847239,90.0,3,1786547679666,2026-08-12T22:14:39.666,1,1
1913,bc2c14bd2bf7551f5633c01663847239,90.0,3,1786547680666,2026-08-12T22:14:40.666,1,1
1914,bc2c14bd2bf7551f5633c01663847239,90.0,3,1786547681660,2026-08-12T22:14:41.660,1,1
1915,bc2c14bd2bf7551f5633c01663847239,90.0,3,1786547682661,2026-08-12T22:14:42.661,1,1
1916,bc2c14bd2bf7551f5633c01663847239,90.0,3,1786547683662,2026-08-12T22:14:43.662,1,1
1917,bc2c14bd2bf7551f5633c01663847239,89.0,3,1786547684659,2026-08-12T22:14:44.659,1,1
1918,bc2c14bd2bf7551f5633c01663847239,88.0,3,1786547685658,2026-08-12T22:14:45.658,1,1
1919,bc2c14bd2bf7551f5633c01663847239,88.0,3,1786547686658,2026-08-12T22:14:46.658,1,1
1920,bc2c14bd2bf7551f5633c01663847239,89.0,3,1786547687659,2026-08-12T22:14:47.659,1,1
1921,bc2c14bd2bf7551f5633c01663847239,88.0,3,1786547688659,2026-08-12T22:14:48.659,1,1
1922,bc2c14bd2bf7551f5633c01663847239,88.0,3,1786547689660,2026-08-12T22:14:49.660,1,1
1923,bc2c14bd2bf7551f5633c01663847239,89.0,3,1786547690658,2026-08-12T22:14:50.658,1,1
1924,bc2c14bd2bf7551f5633c01663847239,89.0,3,1786547691658,2026-08-12T22:14:51.658,1,1
1925,bc2c14bd2bf7551f5633c01663847239,89.0,3,1786547692658,2026-08-12T22:14:52.658,1,1
1926,bc2c14bd2bf7551f5633c01663847239,89.0,3,1786547693658,2026-08-12T22:14:53.658,1,1
1927,bc2c14bd2bf7551f5633c01663847239,90.0,3,1786547694658,2026-08-12T22:14:54.658,1,1
1928,bc2c14bd2bf7551f5633c01663847239,90.0,3,1786547695658,2026-08-12T22:14:55.658,1,1
1929,bc2c14bd2bf7551f5633c01663847239,90.0,3,1786547696658,2026-08-12T22:14:56.658,1,1
1930,bc2c14bd2bf7551f5633c01663847239,91.0,3,1786547697658,2026-08-12T22:14:57.658,1,1
1931,bc2c14bd2bf7551f5633c01663847239,91.0,3,1786547698658,2026-08-12T22:14:58.658,1,1
1932,bc2c14bd2bf7551f5633c01663847239,92.0,3,1786547699659,2026-08-12T22:14:59.659,1,1
1933,bc2c14bd2bf7551f5633c01663847239,92.0,3,1786547700665,2026-08-12T22:15:00.665,1,1
1934,bc2c14bd2bf7551f5633c01663847239,92.0,3,1786547701662,2026-08-12T22:15:01.662,1,1
1935,bc2c14bd2bf7551f5633c01663847239,92.0,3,1786547702665,2026-08-12T22:15:02.665,1,1
1936,bc2c14bd2bf7551f5633c01663847239,91.0,3,1786547703662,2026-08-12T22:15:03.662,1,1
1937,bc2c14bd2bf7551f5633c01663847239,90.0,3,1786547704662,2026-08-12T22:15:04.662,1,1
1938,bc2c14bd2bf7551f5633c01663847239,89.0,3,1786547705659,2026-08-12T22:15:05.659,1,1
1939,bc2c14bd2bf7551f5633c01663847239,88.0,3,1786547706658,2026-08-12T22:15:06.658,1,1
1940,bc2c14bd2bf7551f5633c01663847239,88.0,3,1786547707658,2026-08-12T22:15:07.658,1,1
1941,bc2c14bd2bf7551f5633c01663847239,88.0,3,1786547708658,2026-08-12T22:15:08.658,1,1
1942,bc2c14bd2bf7551f5633c01663847239,89.0,3,1786547709661,2026-08-12T22:15:09.661,1,1
1943,bc2c14bd2bf7551f5633c01663847239,91.0,3,1786547710659,2026-08-12T22:15:10.659,1,1
1944,bc2c14bd2bf7551f5633c01663847239,92.0,3,1786547711659,2026-08-12T22:15:11.659,1,1
1945,bc2c14bd2bf7551f5633c01663847239,93.0,3,1786547712658,2026-08-12T22:15:12.658,1,1
1946,bc2c14bd2bf7551f5633c01663847239,94.0,3,1786547713658,2026-08-12T22:15:13.658,1,1
1947,bc2c14bd2bf7551f5633c01663847239,94.0,3,1786547714659,2026-08-12T22:15:14.659,1,1
1948,bc2c14bd2bf7551f5633c01663847239,93.0,3,1786547715658,2026-08-12T22:15:15.658,1,1
1949,bc2c14bd2bf7551f5633c01663847239,92.0,3,1786547716658,2026-08-12T22:15:16.658,1,1
1950,bc2c14bd2bf7551f5633c01663847239,90.0,3,1786547717657,2026-08-12T22:15:17.657,1,1
1951,bc2c14bd2bf7551f5633c01663847239,92.0,3,1786547718659,2026-08-12T22:15:18.659,1,1
1952,bc2c14bd2bf7551f5633c01663847239,93.0,3,1786547719659,2026-08-12T22:15:19.659,1,1
1953,bc2c14bd2bf7551f5633c01663847239,93.0,3,1786547720667,2026-08-12T22:15:20.667,1,1
1954,bc2c14bd2bf7551f5633c01663847239,93.0,3,1786547721665,2026-08-12T22:15:21.665,1,1
1955,bc2c14bd2bf7551f5633c01663847239,93.0,3,1786547722663,2026-08-12T22:15:22.663,1,1
1956,bc2c14bd2bf7551f5633c01663847239,93.0,3,1786547723660,2026-08-12T22:15:23.660,1,1
1957,bc2c14bd2bf7551f5633c01663847239,93.0,3,1786547724660,2026-08-12T22:15:24.660,1,1
1958,bc2c14bd2bf7551f5633c01663847239,93.0,3,1786547725658,2026-08-12T22:15:25.658,1,1
1959,bc2c14bd2bf7551f5633c01663847239,92.0,3,1786547726658,2026-08-12T22:15:26.658,1,1
1960,bc2c14bd2bf7551f5633c01663847239,92.0,3,1786547727671,2026-08-12T22:15:27.671,1,1
1961,bc2c14bd2bf7551f5633c01663847239,90.0,3,1786547728658,2026-08-12T22:15:28.658,1,1
1962,bc2c14bd2bf7551f5633c01663847239,90.0,3,1786547729658,2026-08-12T22:15:29.658,1,1
1963,bc2c14bd2bf7551f5633c01663847239,89.0,3,1786547730658,2026-08-12T22:15:30.658,1,1
1964,bc2c14bd2bf7551f5633c01663847239,87.0,3,1786547731658,2026-08-12T22:15:31.658,1,1
1965,bc2c14bd2bf7551f5633c01663847239,86.0,3,1786547732659,2026-08-12T22:15:32.659,1,1
1966,bc2c14bd2bf7551f5633c01663847239,84.0,3,1786547733658,2026-08-12T22:15:33.658,1,1
1967,bc2c14bd2bf7551f5633c01663847239,84.0,3,1786547734658,2026-08-12T22:15:34.658,1,1
1968,bc2c14bd2bf7551f5633c01663847239,86.0,3,1786547735658,2026-08-12T22:15:35.658,1,1
1969,bc2c14bd2bf7551f5633c01663847239,87.0,3,1786547736667,2026-08-12T22:15:36.667,1,1
1970,bc2c14bd2bf7551f5633c01663847239,87.0,3,1786547737663,2026-08-12T22:15:37.663,1,1
1971,bc2c14bd2bf7551f5633c01663847239,87.0,3,1786547738660,2026-08-12T22:15:38.660,1,1
1972,bc2c14bd2bf7551f5633c01663847239,86.0,3,1786547739661,2026-08-12T22:15:39.661,1,1
1973,bc2c14bd2bf7551f5633c01663847239,86.0,3,1786547740658,2026-08-12T22:15:40.658,1,1
1974,bc2c14bd2bf7551f5633c01663847239,87.0,3,1786547741658,2026-08-12T22:15:41.658,1,1
1975,bc2c14bd2bf7551f5633c01663847239,86.0,3,1786547742658,2026-08-12T22:15:42.658,1,1
1976,bc2c14bd2bf7551f5633c01663847239,86.0,3,1786547743661,2026-08-12T22:15:43.661,1,1
1977,bc2c14bd2bf7551f5633c01663847239,86.0,3,1786547744658,2026-08-12T22:15:44.658,1,1
1978,bc2c14bd2bf7551f5633c01663847239,86.0,3,1786547745659,2026-08-12T22:15:45.659,1,1
1979,bc2c14bd2bf7551f5633c01663847239,85.0,3,1786547746662,2026-08-12T22:15:46.662,1,1
1980,bc2c14bd2bf7551f5633c01663847239,85.0,3,1786547747658,2026-08-12T22:15:47.658,1,1
1981,bc2c14bd2bf7551f5633c01663847239,86.0,3,1786547748659,2026-08-12T22:15:48.659,1,1
1982,bc2c14bd2bf7551f5633c01663847239,87.0,3,1786547749658,2026-08-12T22:15:49.658,1,1
1983,bc2c14bd2bf7551f5633c01663847239,88.0,3,1786547750658,2026-08-12T22:15:50.658,1,1
1984,bc2c14bd2bf7551f5633c01663847239,89.0,3,1786547751667,2026-08-12T22:15:51.667,1,1
1985,bc2c14bd2bf7551f5633c01663847239,90.0,3,1786547752667,2026-08-12T22:15:52.667,1,1
1986,bc2c14bd2bf7551f5633c01663847239,91.0,3,1786547753657,2026-08-12T22:15:53.657,1,1
1987,bc2c14bd2bf7551f5633c01663847239,91.0,3,1786547754665,2026-08-12T22:15:54.665,1,1
1988,bc2c14bd2bf7551f5633c01663847239,90.0,3,1786547755658,2026-08-12T22:15:55.658,1,1
1989,bc2c14bd2bf7551f5633c01663847239,89.0,3,1786547756667,2026-08-12T22:15:56.667,1,1
1990,bc2c14bd2bf7551f5633c01663847239,88.0,3,1786547757658,2026-08-12T22:15:57.658,1,1
1991,bc2c14bd2bf7551f5633c01663847239,88.0,3,1786547758657,2026-08-12T22:15:58.657,1,1
1992,bc2c14bd2bf7551f5633c01663847239,87.0,3,1786547759659,2026-08-12T22:15:59.659,1,1
1993,bc2c14bd2bf7551f5633c01663847239,88.0,3,1786547760658,2026-08-12T22:16:00.658,1,1
1994,bc2c14bd2bf7551f5633c01663847239,88.0,3,1786547761658,2026-08-12T22:16:01.658,1,1
1995,bc2c14bd2bf7551f5633c01663847239,88.0,3,1786547762658,2026-08-12T22:16:02.658,1,1
1996,bc2c14bd2bf7551f5633c01663847239,89.0,3,1786547763659,2026-08-12T22:16:03.659,1,1
1997,bc2c14bd2bf7551f5633c01663847239,90.0,3,1786547764658,2026-08-12T22:16:04.658,1,1
1998,bc2c14bd2bf7551f5633c01663847239,91.0,3,1786547765658,2026-08-12T22:16:05.658,1,1
1999,bc2c14bd2bf7551f5633c01663847239,91.0,3,1786547766658,2026-08-12T22:16:06.658,1,1
2000,bc2c14bd2bf7551f5633c01663847239,91.0,3,1786547767659,2026-08-12T22:16:07.659,1,1
2001,bc2c14bd2bf7551f5633c01663847239,91.0,3,1786547768660,2026-08-12T22:16:08.660,1,1
2002,bc2c14bd2bf7551f5633c01663847239,91.0,3,1786547769665,2026-08-12T22:16:09.665,1,1
2003,bc2c14bd2bf7551f5633c01663847239,91.0,3,1786547770664,2026-08-12T22:16:10.664,1,1
2004,bc2c14bd2bf7551f5633c01663847239,92.0,3,1786547771662,2026-08-12T22:16:11.662,1,1
2005,bc2c14bd2bf7551f5633c01663847239,93.0,3,1786547772661,2026-08-12T22:16:12.661,1,1
2006,bc2c14bd2bf7551f5633c01663847239,93.0,3,1786547773659,2026-08-12T22:16:13.659,1,1
2007,bc2c14bd2bf7551f5633c01663847239,93.0,3,1786547774658,2026-08-12T22:16:14.658,1,1
2008,bc2c14bd2bf7551f5633c01663847239,92.0,3,1786547775657,2026-08-12T22:16:15.657,1,1
2009,bc2c14bd2bf7551f5633c01663847239,92.0,3,1786547776658,2026-08-12T22:16:16.658,1,1
2010,bc2c14bd2bf7551f5633c01663847239,91.0,3,1786547777658,2026-08-12T22:16:17.658,1,1
2011,bc2c14bd2bf7551f5633c01663847239,90.0,3,1786547778658,2026-08-12T22:16:18.658,1,1
2012,bc2c14bd2bf7551f5633c01663847239,91.0,3,1786547779658,2026-08-12T22:16:19.658,1,1
2013,bc2c14bd2bf7551f5633c01663847239,91.0,3,1786547780658,2026-08-12T22:16:20.658,1,1
2014,bc2c14bd2bf7551f5633c01663847239,92.0,3,1786547781661,2026-08-12T22:16:21.661,1,1
2015,bc2c14bd2bf7551f5633c01663847239,92.0,3,1786547782660,2026-08-12T22:16:22.660,1,1
2016,bc2c14bd2bf7551f5633c01663847239,92.0,3,1786547783660,2026-08-12T22:16:23.660,1,1
2017,bc2c14bd2bf7551f5633c01663847239,91.0,3,1786547784659,2026-08-12T22:16:24.659,1,1
2018,bc2c14bd2bf7551f5633c01663847239,90.0,3,1786547785659,2026-08-12T22:16:25.659,1,1
2019,bc2c14bd2bf7551f5633c01663847239,90.0,3,1786547786658,2026-08-12T22:16:26.658,1,1
2020,bc2c14bd2bf7551f5633c01663847239,90.0,3,1786547787658,2026-08-12T22:16:27.658,1,1
2021,bc2c14bd2bf7551f5633c01663847239,90.0,3,1786547788658,2026-08-12T22:16:28.658,1,1
2022,bc2c14bd2bf7551f5633c01663847239,90.0,3,1786547789658,2026-08-12T22:16:29.658,1,1
2023,bc2c14bd2bf7551f5633c01663847239,90.0,3,1786547790658,2026-08-12T22:16:30.658,1,1
2024,bc2c14bd2bf7551f5633c01663847239,90.0,3,1786547791659,2026-08-12T22:16:31.659,1,1
2025,bc2c14bd2bf7551f5633c01663847239,90.0,3,1786547792658,2026-08-12T22:16:32.658,1,1
2026,bc2c14bd2bf7551f5633c01663847239,90.0,3,1786547793658,2026-08-12T22:16:33.658,1,1
2027,bc2c14bd2bf7551f5633c01663847239,90.0,3,1786547794658,2026-08-12T22:16:34.658,1,1
2028,bc2c14bd2bf7551f5633c01663847239,91.0,3,1786547795658,2026-08-12T22:16:35.658,1,1
2029,bc2c14bd2bf7551f5633c01663847239,91.0,3,1786547796658,2026-08-12T22:16:36.658,1,1
2030,bc2c14bd2bf7551f5633c01663847239,91.0,3,1786547797668,2026-08-12T22:16:37.668,1,1
2031,bc2c14bd2bf7551f5633c01663847239,91.0,3,1786547798668,2026-08-12T22:16:38.668,1,1
2032,bc2c14bd2bf7551f5633c01663847239,91.0,3,1786547799665,2026-08-12T22:16:39.665,1,1
2033,bc2c14bd2bf7551f5633c01663847239,92.0,3,1786547800665,2026-08-12T22:16:40.665,1,1
2034,bc2c14bd2bf7551f5633c01663847239,93.0,3,1786547801662,2026-08-12T22:16:41.662,1,1
2035,bc2c14bd2bf7551f5633c01663847239,93.0,3,1786547802661,2026-08-12T22:16:42.661,1,1
2036,bc2c14bd2bf7551f5633c01663847239,94.0,3,1786547803669,2026-08-12T22:16:43.669,1,1
2037,bc2c14bd2bf7551f5633c01663847239,93.0,3,1786547804658,2026-08-12T22:16:44.658,1,1
2038,bc2c14bd2bf7551f5633c01663847239,95.0,3,1786547805657,2026-08-12T22:16:45.657,1,1
2039,bc2c14bd2bf7551f5633c01663847239,95.0,3,1786547806660,2026-08-12T22:16:46.660,1,1
2040,bc2c14bd2bf7551f5633c01663847239,93.0,3,1786547807660,2026-08-12T22:16:47.660,1,1
2041,bc2c14bd2bf7551f5633c01663847239,92.0,3,1786547808657,2026-08-12T22:16:48.657,1,1
2042,bc2c14bd2bf7551f5633c01663847239,92.0,3,1786547809657,2026-08-12T22:16:49.657,1,1
2043,bc2c14bd2bf7551f5633c01663847239,93.0,3,1786547810661,2026-08-12T22:16:50.661,1,1
2044,bc2c14bd2bf7551f5633c01663847239,93.0,3,1786547811658,2026-08-12T22:16:51.658,1,1
2045,bc2c14bd2bf7551f5633c01663847239,92.0,3,1786547812660,2026-08-12T22:16:52.660,1,1
2046,bc2c14bd2bf7551f5633c01663847239,92.0,3,1786547813659,2026-08-12T22:16:53.659,1,1
2047,bc2c14bd2bf7551f5633c01663847239,92.0,3,1786547814659,2026-08-12T22:16:54.659,1,1
2048,bc2c14bd2bf7551f5633c01663847239,93.0,3,1786547815658,2026-08-12T22:16:55.658,1,1
2049,bc2c14bd2bf7551f5633c01663847239,94.0,3,1786547816658,2026-08-12T22:16:56.658,1,1
2050,bc2c14bd2bf7551f5633c01663847239,95.0,3,1786547817658,2026-08-12T22:16:57.658,1,1
2051,bc2c14bd2bf7551f5633c01663847239,95.0,3,1786547818658,2026-08-12T22:16:58.658,1,1
2052,bc2c14bd2bf7551f5633c01663847239,94.0,3,1786547819658,2026-08-12T22:16:59.658,1,1
2053,bc2c14bd2bf7551f5633c01663847239,94.0,3,1786547820657,2026-08-12T22:17:00.657,1,1
2054,bc2c14bd2bf7551f5633c01663847239,94.0,3,1786547821658,2026-08-12T22:17:01.658,1,1
2055,bc2c14bd2bf7551f5633c01663847239,95.0,3,1786547822659,2026-08-12T22:17:02.659,1,1
2056,bc2c14bd2bf7551f5633c01663847239,95.0,3,1786547823658,2026-08-12T22:17:03.658,1,1
2057,bc2c14bd2bf7551f5633c01663847239,95.0,3,1786547824659,2026-08-12T22:17:04.659,1,1
2058,bc2c14bd2bf7551f5633c01663847239,95.0,3,1786547825658,2026-08-12T22:17:05.658,1,1
2059,bc2c14bd2bf7551f5633c01663847239,95.0,3,1786547826658,2026-08-12T22:17:06.658,1,1
2060,bc2c14bd2bf7551f5633c01663847239,94.0,3,1786547827658,2026-08-12T22:17:07.658,1,1
2061,bc2c14bd2bf7551f5633c01663847239,94.0,3,1786547828658,2026-08-12T22:17:08.658,1,1
2062,bc2c14bd2bf7551f5633c01663847239,93.0,3,1786547829658,2026-08-12T22:17:09.658,1,1
2063,bc2c14bd2bf7551f5633c01663847239,93.0,3,1786547830658,2026-08-12T22:17:10.658,1,1
2064,bc2c14bd2bf7551f5633c01663847239,93.0,3,1786547831668,2026-08-12T22:17:11.668,1,1
2065,bc2c14bd2bf7551f5633c01663847239,93.0,3,1786547832667,2026-08-12T22:17:12.667,1,1
2066,bc2c14bd2bf7551f5633c01663847239,92.0,3,1786547833665,2026-08-12T22:17:13.665,1,1
2067,bc2c14bd2bf7551f5633c01663847239,92.0,3,1786547834666,2026-08-12T22:17:14.666,1,1
2068,bc2c14bd2bf7551f5633c01663847239,91.0,3,1786547835661,2026-08-12T22:17:15.661,1,1
2069,bc2c14bd2bf7551f5633c01663847239,90.0,3,1786547836662,2026-08-12T22:17:16.662,1,1
2070,bc2c14bd2bf7551f5633c01663847239,90.0,3,1786547837662,2026-08-12T22:17:17.662,1,1
2071,bc2c14bd2bf7551f5633c01663847239,91.0,3,1786547838661,2026-08-12T22:17:18.661,1,1
2072,bc2c14bd2bf7551f5633c01663847239,91.0,3,1786547839660,2026-08-12T22:17:19.660,1,1
2073,bc2c14bd2bf7551f5633c01663847239,92.0,3,1786547840661,2026-08-12T22:17:20.661,1,1
2074,bc2c14bd2bf7551f5633c01663847239,92.0,3,1786547841658,2026-08-12T22:17:21.658,1,1
2075,bc2c14bd2bf7551f5633c01663847239,93.0,3,1786547842658,2026-08-12T22:17:22.658,1,1
2076,bc2c14bd2bf7551f5633c01663847239,93.0,3,1786547843658,2026-08-12T22:17:23.658,1,1
2077,bc2c14bd2bf7551f5633c01663847239,93.0,3,1786547844658,2026-08-12T22:17:24.658,1,1
2078,bc2c14bd2bf7551f5633c01663847239,92.0,3,1786547845658,2026-08-12T22:17:25.658,1,1
2079,bc2c14bd2bf7551f5633c01663847239,92.0,3,1786547846661,2026-08-12T22:17:26.661,1,1
2080,bc2c14bd2bf7551f5633c01663847239,91.0,3,1786547847658,2026-08-12T22:17:27.658,1,1
2081,bc2c14bd2bf7551f5633c01663847239,91.0,3,1786547848658,2026-08-12T22:17:28.658,1,1
2082,bc2c14bd2bf7551f5633c01663847239,91.0,3,1786547849659,2026-08-12T22:17:29.659,1,1
2083,bc2c14bd2bf7551f5633c01663847239,91.0,3,1786547850658,2026-08-12T22:17:30.658,1,1
2084,bc2c14bd2bf7551f5633c01663847239,91.0,3,1786547851658,2026-08-12T22:17:31.658,1,1
2085,bc2c14bd2bf7551f5633c01663847239,91.0,3,1786547852658,2026-08-12T22:17:32.658,1,1
2086,bc2c14bd2bf7551f5633c01663847239,89.0,3,1786547853657,2026-08-12T22:17:33.657,1,1
2087,bc2c14bd2bf7551f5633c01663847239,88.0,3,1786547854657,2026-08-12T22:17:34.657,1,1
2088,bc2c14bd2bf7551f5633c01663847239,88.0,3,1786547855659,2026-08-12T22:17:35.659,1,1
2089,bc2c14bd2bf7551f5633c01663847239,88.0,3,1786547856658,2026-08-12T22:17:36.658,1,1
2090,bc2c14bd2bf7551f5633c01663847239,89.0,3,1786547857658,2026-08-12T22:17:37.658,1,1
2091,bc2c14bd2bf7551f5633c01663847239,91.0,3,1786547858681,2026-08-12T22:17:38.681,1,1
2092,bc2c14bd2bf7551f5633c01663847239,92.0,3,1786547859677,2026-08-12T22:17:39.677,1,1
2093,bc2c14bd2bf7551f5633c01663847239,93.0,3,1786547860661,2026-08-12T22:17:40.661,1,1
2094,bc2c14bd2bf7551f5633c01663847239,94.0,3,1786547861683,2026-08-12T22:17:41.683,1,1
2095,bc2c14bd2bf7551f5633c01663847239,94.0,3,1786547862666,2026-08-12T22:17:42.666,1,0
2096,bc2c14bd2bf7551f5633c01663847239,94.0,3,1786547863664,2026-08-12T22:17:43.664,1,1
2097,bc2c14bd2bf7551f5633c01663847239,93.0,3,1786547864662,2026-08-12T22:17:44.662,1,1
2098,bc2c14bd2bf7551f5633c01663847239,94.0,3,1786547865658,2026-08-12T22:17:45.658,1,1
2099,bc2c14bd2bf7551f5633c01663847239,94.0,3,1786547866658,2026-08-12T22:17:46.658,1,1
2100,bc2c14bd2bf7551f5633c01663847239,95.0,3,1786547867658,2026-08-12T22:17:47.658,1,1
2101,bc2c14bd2bf7551f5633c01663847239,95.0,3,1786547868658,2026-08-12T22:17:48.658,1,1
2102,bc2c14bd2bf7551f5633c01663847239,95.0,3,1786547869659,2026-08-12T22:17:49.659,1,1
2103,bc2c14bd2bf7551f5633c01663847239,95.0,3,1786547870671,2026-08-12T22:17:50.671,1,1
2104,bc2c14bd2bf7551f5633c01663847239,94.0,3,1786547871660,2026-08-12T22:17:51.660,1,1
2105,bc2c14bd2bf7551f5633c01663847239,94.0,3,1786547872658,2026-08-12T22:17:52.658,1,1
2106,bc2c14bd2bf7551f5633c01663847239,95.0,3,1786547873658,2026-08-12T22:17:53.658,1,1
2107,bc2c14bd2bf7551f5633c01663847239,95.0,3,1786547874658,2026-08-12T22:17:54.658,1,1
2108,bc2c14bd2bf7551f5633c01663847239,94.0,3,1786547875658,2026-08-12T22:17:55.658,1,1
2109,bc2c14bd2bf7551f5633c01663847239,93.0,3,1786547876658,2026-08-12T22:17:56.658,1,1
2110,bc2c14bd2bf7551f5633c01663847239,92.0,3,1786547877658,2026-08-12T22:17:57.658,1,1
2111,bc2c14bd2bf7551f5633c01663847239,91.0,3,1786547878659,2026-08-12T22:17:58.659,1,1
2112,bc2c14bd2bf7551f5633c01663847239,91.0,3,1786547879658,2026-08-12T22:17:59.658,1,1
2113,bc2c14bd2bf7551f5633c01663847239,92.0,3,1786547880658,2026-08-12T22:18:00.658,1,1
2114,bc2c14bd2bf7551f5633c01663847239,93.0,3,1786547881658,2026-08-12T22:18:01.658,1,1
2115,bc2c14bd2bf7551f5633c01663847239,93.0,3,1786547882665,2026-08-12T22:18:02.665,1,1
2116,bc2c14bd2bf7551f5633c01663847239,93.0,3,1786547883666,2026-08-12T22:18:03.666,1,1
2117,bc2c14bd2bf7551f5633c01663847239,93.0,3,1786547884665,2026-08-12T22:18:04.665,1,1
2118,bc2c14bd2bf7551f5633c01663847239,93.0,3,1786547885665,2026-08-12T22:18:05.665,1,1
2119,bc2c14bd2bf7551f5633c01663847239,91.0,3,1786547886664,2026-08-12T22:18:06.664,1,1
2120,bc2c14bd2bf7551f5633c01663847239,90.0,3,1786547887659,2026-08-12T22:18:07.659,1,1
2121,bc2c14bd2bf7551f5633c01663847239,90.0,3,1786547888662,2026-08-12T22:18:08.662,1,1
2122,bc2c14bd2bf7551f5633c01663847239,91.0,3,1786547889658,2026-08-12T22:18:09.658,1,1
2123,bc2c14bd2bf7551f5633c01663847239,92.0,3,1786547890660,2026-08-12T22:18:10.660,1,1
2124,bc2c14bd2bf7551f5633c01663847239,92.0,3,1786547891658,2026-08-12T22:18:11.658,1,1
2125,bc2c14bd2bf7551f5633c01663847239,94.0,3,1786547892658,2026-08-12T22:18:12.658,1,1
2126,bc2c14bd2bf7551f5633c01663847239,95.0,3,1786547893658,2026-08-12T22:18:13.658,1,1
2127,bc2c14bd2bf7551f5633c01663847239,95.0,3,1786547894658,2026-08-12T22:18:14.658,1,1
2128,bc2c14bd2bf7551f5633c01663847239,94.0,3,1786547895658,2026-08-12T22:18:15.658,1,1
2129,bc2c14bd2bf7551f5633c01663847239,93.0,3,1786547896658,2026-08-12T22:18:16.658,1,1
2130,bc2c14bd2bf7551f5633c01663847239,92.0,3,1786547897658,2026-08-12T22:18:17.658,1,1
2131,bc2c14bd2bf7551f5633c01663847239,92.0,3,1786547898659,2026-08-12T22:18:18.659,1,1
2132,bc2c14bd2bf7551f5633c01663847239,92.0,3,1786547899659,2026-08-12T22:18:19.659,1,1
2133,bc2c14bd2bf7551f5633c01663847239,92.0,3,1786547900658,2026-08-12T22:18:20.658,1,1
2134,bc2c14bd2bf7551f5633c01663847239,93.0,3,1786547901658,2026-08-12T22:18:21.658,1,1
2135,bc2c14bd2bf7551f5633c01663847239,94.0,3,1786547902658,2026-08-12T22:18:22.658,1,1
2136,bc2c14bd2bf7551f5633c01663847239,94.0,3,1786547903658,2026-08-12T22:18:23.658,1,1
2137,bc2c14bd2bf7551f5633c01663847239,95.0,3,1786547904658,2026-08-12T22:18:24.658,1,1
2138,bc2c14bd2bf7551f5633c01663847239,95.0,3,1786547905658,2026-08-12T22:18:25.658,1,1
2139,bc2c14bd2bf7551f5633c01663847239,95.0,3,1786547906658,2026-08-12T22:18:26.658,1,1
2140,bc2c14bd2bf7551f5633c01663847239,94.0,3,1786547907658,2026-08-12T22:18:27.658,1,1
2141,bc2c14bd2bf7551f5633c01663847239,94.0,3,1786547908658,2026-08-12T22:18:28.658,1,1
2142,bc2c14bd2bf7551f5633c01663847239,93.0,3,1786547909657,2026-08-12T22:18:29.657,1,1
2143,bc2c14bd2bf7551f5633c01663847239,94.0,3,1786547910657,2026-08-12T22:18:30.657,1,1
2144,bc2c14bd2bf7551f5633c01663847239,94.0,3,1786547911658,2026-08-12T22:18:31.658,1,1
2145,bc2c14bd2bf7551f5633c01663847239,94.0,3,1786547912658,2026-08-12T22:18:32.658,1,1
2146,bc2c14bd2bf7551f5633c01663847239,94.0,3,1786547913658,2026-08-12T22:18:33.658,1,1
2147,bc2c14bd2bf7551f5633c01663847239,94.0,3,1786547914658,2026-08-12T22:18:34.658,1,1
2148,bc2c14bd2bf7551f5633c01663847239,95.0,3,1786547915657,2026-08-12T22:18:35.657,1,1
2149,bc2c14bd2bf7551f5633c01663847239,95.0,3,1786547916658,2026-08-12T22:18:36.658,1,1
2150,bc2c14bd2bf7551f5633c01663847239,96.0,3,1786547917658,2026-08-12T22:18:37.658,1,1
2151,bc2c14bd2bf7551f5633c01663847239,96.0,3,1786547918658,2026-08-12T22:18:38.658,1,1
2152,bc2c14bd2bf7551f5633c01663847239,96.0,3,1786547919658,2026-08-12T22:18:39.658,1,1
2153,bc2c14bd2bf7551f5633c01663847239,95.0,3,1786547920658,2026-08-12T22:18:40.658,1,1
2154,bc2c14bd2bf7551f5633c01663847239,95.0,3,1786547921658,2026-08-12T22:18:41.658,1,1
2155,bc2c14bd2bf7551f5633c01663847239,94.0,3,1786547922658,2026-08-12T22:18:42.658,1,1
2156,bc2c14bd2bf7551f5633c01663847239,93.0,3,1786547923658,2026-08-12T22:18:43.658,1,1
2157,bc2c14bd2bf7551f5633c01663847239,93.0,3,1786547924658,2026-08-12T22:18:44.658,1,1
2158,bc2c14bd2bf7551f5633c01663847239,93.0,3,1786547925658,2026-08-12T22:18:45.658,1,1
2159,bc2c14bd2bf7551f5633c01663847239,92.0,3,1786547926658,2026-08-12T22:18:46.658,1,1
2160,bc2c14bd2bf7551f5633c01663847239,91.0,3,1786547927658,2026-08-12T22:18:47.658,1,1
2161,bc2c14bd2bf7551f5633c01663847239,91.0,3,1786547928659,2026-08-12T22:18:48.659,1,1
2162,bc2c14bd2bf7551f5633c01663847239,91.0,3,1786547929666,2026-08-12T22:18:49.666,1,1
2163,bc2c14bd2bf7551f5633c01663847239,91.0,3,1786547930666,2026-08-12T22:18:50.666,1,1
2164,bc2c14bd2bf7551f5633c01663847239,92.0,3,1786547931665,2026-08-12T22:18:51.665,1,1
2165,bc2c14bd2bf7551f5633c01663847239,93.0,3,1786547932663,2026-08-12T22:18:52.663,1,1
2166,bc2c14bd2bf7551f5633c01663847239,94.0,3,1786547933663,2026-08-12T22:18:53.663,1,1
2167,bc2c14bd2bf7551f5633c01663847239,94.0,3,1786547934660,2026-08-12T22:18:54.660,1,1
2168,bc2c14bd2bf7551f5633c01663847239,95.0,3,1786547935660,2026-08-12T22:18:55.660,1,1
2169,bc2c14bd2bf7551f5633c01663847239,94.0,3,1786547936658,2026-08-12T22:18:56.658,1,1
2170,bc2c14bd2bf7551f5633c01663847239,94.0,3,1786547937658,2026-08-12T22:18:57.658,1,1
2171,bc2c14bd2bf7551f5633c01663847239,94.0,3,1786547938658,2026-08-12T22:18:58.658,1,1
2172,bc2c14bd2bf7551f5633c01663847239,93.0,3,1786547939659,2026-08-12T22:18:59.659,1,1
2173,bc2c14bd2bf7551f5633c01663847239,93.0,3,1786547940658,2026-08-12T22:19:00.658,1,1
2174,bc2c14bd2bf7551f5633c01663847239,93.0,3,1786547941660,2026-08-12T22:19:01.660,1,1
2175,bc2c14bd2bf7551f5633c01663847239,94.0,3,1786547942659,2026-08-12T22:19:02.659,1,1
2176,bc2c14bd2bf7551f5633c01663847239,94.0,3,1786547943658,2026-08-12T22:19:03.658,1,1
2177,bc2c14bd2bf7551f5633c01663847239,94.0,3,1786547944658,2026-08-12T22:19:04.658,1,1
2178,bc2c14bd2bf7551f5633c01663847239,94.0,3,1786547945659,2026-08-12T22:19:05.659,1,1
2179,bc2c14bd2bf7551f5633c01663847239,93.0,3,1786547946660,2026-08-12T22:19:06.660,1,1
2180,bc2c14bd2bf7551f5633c01663847239,92.0,3,1786547947658,2026-08-12T22:19:07.658,1,1
2181,bc2c14bd2bf7551f5633c01663847239,92.0,3,1786547948657,2026-08-12T22:19:08.657,1,1
2182,bc2c14bd2bf7551f5633c01663847239,92.0,3,1786547949658,2026-08-12T22:19:09.658,1,1
2183,bc2c14bd2bf7551f5633c01663847239,92.0,3,1786547950658,2026-08-12T22:19:10.658,1,1
2184,bc2c14bd2bf7551f5633c01663847239,93.0,3,1786547951658,2026-08-12T22:19:11.658,1,1
2185,bc2c14bd2bf7551f5633c01663847239,94.0,3,1786547952658,2026-08-12T22:19:12.658,1,1
2186,bc2c14bd2bf7551f5633c01663847239,94.0,3,1786547953658,2026-08-12T22:19:13.658,1,1
2187,bc2c14bd2bf7551f5633c01663847239,94.0,3,1786547954658,2026-08-12T22:19:14.658,1,1
2188,bc2c14bd2bf7551f5633c01663847239,94.0,3,1786547955659,2026-08-12T22:19:15.659,1,1
2189,bc2c14bd2bf7551f5633c01663847239,94.0,3,1786547956658,2026-08-12T22:19:16.658,1,1
2190,bc2c14bd2bf7551f5633c01663847239,95.0,3,1786547957658,2026-08-12T22:19:17.658,1,1
2191,bc2c14bd2bf7551f5633c01663847239,95.0,3,1786547958658,2026-08-12T22:19:18.658,1,1
2192,bc2c14bd2bf7551f5633c01663847239,95.0,3,1786547959658,2026-08-12T22:19:19.658,1,1
2193,bc2c14bd2bf7551f5633c01663847239,95.0,3,1786547960658,2026-08-12T22:19:20.658,1,1
2194,bc2c14bd2bf7551f5633c01663847239,95.0,3,1786547961658,2026-08-12T22:19:21.658,1,1
2195,bc2c14bd2bf7551f5633c01663847239,94.0,3,1786547962660,2026-08-12T22:19:22.660,1,1
2196,bc2c14bd2bf7551f5633c01663847239,94.0,3,1786547963659,2026-08-12T22:19:23.659,1,1
2197,bc2c14bd2bf7551f5633c01663847239,93.0,3,1786547964668,2026-08-12T22:19:24.668,1,1
2198,bc2c14bd2bf7551f5633c01663847239,93.0,3,1786547965666,2026-08-12T22:19:25.666,1,1
2199,bc2c14bd2bf7551f5633c01663847239,93.0,3,1786547966666,2026-08-12T22:19:26.666,1,1
2200,bc2c14bd2bf7551f5633c01663847239,93.0,3,1786547967666,2026-08-12T22:19:27.666,1,1
2201,bc2c14bd2bf7551f5633c01663847239,93.0,3,1786547968660,2026-08-12T22:19:28.660,1,1
2202,bc2c14bd2bf7551f5633c01663847239,93.0,3,1786547969659,2026-08-12T22:19:29.659,1,1
2203,bc2c14bd2bf7551f5633c01663847239,92.0,3,1786547970661,2026-08-12T22:19:30.661,1,1
2204,bc2c14bd2bf7551f5633c01663847239,92.0,3,1786547971660,2026-08-12T22:19:31.660,1,1
2205,bc2c14bd2bf7551f5633c01663847239,92.0,3,1786547972661,2026-08-12T22:19:32.661,1,1
2206,bc2c14bd2bf7551f5633c01663847239,93.0,3,1786547973660,2026-08-12T22:19:33.660,1,1
2207,bc2c14bd2bf7551f5633c01663847239,92.0,3,1786547974661,2026-08-12T22:19:34.661,1,1
2208,bc2c14bd2bf7551f5633c01663847239,93.0,3,1786547975660,2026-08-12T22:19:35.660,1,1
2209,bc2c14bd2bf7551f5633c01663847239,92.0,3,1786547976661,2026-08-12T22:19:36.661,1,1
2210,bc2c14bd2bf7551f5633c01663847239,93.0,3,1786547977660,2026-08-12T22:19:37.660,1,1
2211,bc2c14bd2bf7551f5633c01663847239,93.0,3,1786547978661,2026-08-12T22:19:38.661,1,1
2212,bc2c14bd2bf7551f5633c01663847239,92.0,3,1786547979661,2026-08-12T22:19:39.661,1,1
2213,bc2c14bd2bf7551f5633c01663847239,93.0,3,1786547980660,2026-08-12T22:19:40.660,1,1
2214,bc2c14bd2bf7551f5633c01663847239,93.0,3,1786547981660,2026-08-12T22:19:41.660,1,1
2215,bc2c14bd2bf7551f5633c01663847239,92.0,3,1786547982660,2026-08-12T22:19:42.660,1,1
2216,bc2c14bd2bf7551f5633c01663847239,92.0,3,1786547983660,2026-08-12T22:19:43.660,1,1
2217,bc2c14bd2bf7551f5633c01663847239,91.0,3,1786547984660,2026-08-12T22:19:44.660,1,1
2218,bc2c14bd2bf7551f5633c01663847239,92.0,3,1786547985660,2026-08-12T22:19:45.660,1,1
2219,bc2c14bd2bf7551f5633c01663847239,92.0,3,1786547986660,2026-08-12T22:19:46.660,1,1
2220,bc2c14bd2bf7551f5633c01663847239,91.0,3,1786547987673,2026-08-12T22:19:47.673,1,1
2221,bc2c14bd2bf7551f5633c01663847239,92.0,3,1786547988659,2026-08-12T22:19:48.659,1,1
2222,bc2c14bd2bf7551f5633c01663847239,93.0,3,1786547989658,2026-08-12T22:19:49.658,1,1
2223,bc2c14bd2bf7551f5633c01663847239,94.0,3,1786547990658,2026-08-12T22:19:50.658,1,1
2224,bc2c14bd2bf7551f5633c01663847239,95.0,3,1786547991658,2026-08-12T22:19:51.658,1,1
2225,bc2c14bd2bf7551f5633c01663847239,96.0,3,1786547992658,2026-08-12T22:19:52.658,1,1
2226,bc2c14bd2bf7551f5633c01663847239,96.0,3,1786547993658,2026-08-12T22:19:53.658,1,1
2227,bc2c14bd2bf7551f5633c01663847239,97.0,3,1786547994658,2026-08-12T22:19:54.658,1,1
2228,bc2c14bd2bf7551f5633c01663847239,97.0,3,1786547995659,2026-08-12T22:19:55.659,1,1
2229,bc2c14bd2bf7551f5633c01663847239,97.0,3,1786547996658,2026-08-12T22:19:56.658,1,1
2230,bc2c14bd2bf7551f5633c01663847239,98.0,3,1786547997658,2026-08-12T22:19:57.658,1,1
2231,bc2c14bd2bf7551f5633c01663847239,97.0,3,1786547998661,2026-08-12T22:19:58.661,1,1
2232,bc2c14bd2bf7551f5633c01663847239,97.0,3,1786547999661,2026-08-12T22:19:59.661,1,1
2233,bc2c14bd2bf7551f5633c01663847239,95.0,3,1786548000659,2026-08-12T22:20:00.659,1,1
2234,bc2c14bd2bf7551f5633c01663847239,94.0,3,1786548001660,2026-08-12T22:20:01.660,1,1
2235,bc2c14bd2bf7551f5633c01663847239,94.0,3,1786548002667,2026-08-12T22:20:02.667,1,1
2236,bc2c14bd2bf7551f5633c01663847239,94.0,3,1786548003657,2026-08-12T22:20:03.657,1,1
2237,bc2c14bd2bf7551f5633c01663847239,93.0,3,1786548004658,2026-08-12T22:20:04.658,1,1
2238,bc2c14bd2bf7551f5633c01663847239,93.0,3,1786548005658,2026-08-12T22:20:05.658,1,1
2239,bc2c14bd2bf7551f5633c01663847239,92.0,3,1786548006658,2026-08-12T22:20:06.658,1,1
2240,bc2c14bd2bf7551f5633c01663847239,91.0,3,1786548007665,2026-08-12T22:20:07.665,1,1
2241,bc2c14bd2bf7551f5633c01663847239,91.0,3,1786548008658,2026-08-12T22:20:08.658,1,1
2242,bc2c14bd2bf7551f5633c01663847239,92.0,3,1786548009658,2026-08-12T22:20:09.658,1,1
2243,bc2c14bd2bf7551f5633c01663847239,92.0,3,1786548010658,2026-08-12T22:20:10.658,1,1
2244,bc2c14bd2bf7551f5633c01663847239,93.0,3,1786548011658,2026-08-12T22:20:11.658,1,1
2245,bc2c14bd2bf7551f5633c01663847239,93.0,3,1786548012658,2026-08-12T22:20:12.658,1,1
2246,bc2c14bd2bf7551f5633c01663847239,93.0,3,1786548013658,2026-08-12T22:20:13.658,1,1
2247,bc2c14bd2bf7551f5633c01663847239,93.0,3,1786548014658,2026-08-12T22:20:14.658,1,1
2248,bc2c14bd2bf7551f5633c01663847239,93.0,3,1786548015658,2026-08-12T22:20:15.658,1,1
2249,bc2c14bd2bf7551f5633c01663847239,94.0,3,1786548016658,2026-08-12T22:20:16.658,1,1
2250,bc2c14bd2bf7551f5633c01663847239,94.0,3,1786548017658,2026-08-12T22:20:17.658,1,1
2251,bc2c14bd2bf7551f5633c01663847239,94.0,3,1786548018660,2026-08-12T22:20:18.660,1,1
2252,bc2c14bd2bf7551f5633c01663847239,94.0,3,1786548019659,2026-08-12T22:20:19.659,1,1
2253,bc2c14bd2bf7551f5633c01663847239,93.0,3,1786548020658,2026-08-12T22:20:20.658,1,1
2254,bc2c14bd2bf7551f5633c01663847239,93.0,3,1786548021658,2026-08-12T22:20:21.658,1,1
2255,bc2c14bd2bf7551f5633c01663847239,92.0,3,1786548022659,2026-08-12T22:20:22.659,1,1
2256,bc2c14bd2bf7551f5633c01663847239,91.0,3,1786548023658,2026-08-12T22:20:23.658,1,1
2257,bc2c14bd2bf7551f5633c01663847239,91.0,3,1786548024658,2026-08-12T22:20:24.658,1,1
2258,bc2c14bd2bf7551f5633c01663847239,90.0,3,1786548025658,2026-08-12T22:20:25.658,1,1
2259,bc2c14bd2bf7551f5633c01663847239,90.0,3,1786548026658,2026-08-12T22:20:26.658,1,1
2260,bc2c14bd2bf7551f5633c01663847239,90.0,3,1786548027659,2026-08-12T22:20:27.659,1,1
2261,bc2c14bd2bf7551f5633c01663847239,90.0,3,1786548028662,2026-08-12T22:20:28.662,1,1
2262,bc2c14bd2bf7551f5633c01663847239,89.0,3,1786548029668,2026-08-12T22:20:29.668,1,1
2263,bc2c14bd2bf7551f5633c01663847239,89.0,3,1786548030665,2026-08-12T22:20:30.665,1,1
2264,bc2c14bd2bf7551f5633c01663847239,90.0,3,1786548031662,2026-08-12T22:20:31.662,1,1
2265,bc2c14bd2bf7551f5633c01663847239,91.0,3,1786548032665,2026-08-12T22:20:32.665,1,1
2266,bc2c14bd2bf7551f5633c01663847239,92.0,3,1786548033660,2026-08-12T22:20:33.660,1,1
2267,bc2c14bd2bf7551f5633c01663847239,93.0,3,1786548034673,2026-08-12T22:20:34.673,1,1
2268,bc2c14bd2bf7551f5633c01663847239,93.0,3,1786548035661,2026-08-12T22:20:35.661,1,1
2269,bc2c14bd2bf7551f5633c01663847239,93.0,3,1786548036660,2026-08-12T22:20:36.660,1,1
2270,bc2c14bd2bf7551f5633c01663847239,92.0,3,1786548037662,2026-08-12T22:20:37.662,1,1
2271,bc2c14bd2bf7551f5633c01663847239,91.0,3,1786548038659,2026-08-12T22:20:38.659,1,1
2272,bc2c14bd2bf7551f5633c01663847239,90.0,3,1786548039660,2026-08-12T22:20:39.660,1,1
2273,bc2c14bd2bf7551f5633c01663847239,89.0,3,1786548040662,2026-08-12T22:20:40.662,1,1
2274,bc2c14bd2bf7551f5633c01663847239,89.0,3,1786548041658,2026-08-12T22:20:41.658,1,1
2275,bc2c14bd2bf7551f5633c01663847239,89.0,3,1786548042660,2026-08-12T22:20:42.660,1,1
2276,bc2c14bd2bf7551f5633c01663847239,90.0,3,1786548043659,2026-08-12T22:20:43.659,1,1
2277,bc2c14bd2bf7551f5633c01663847239,91.0,3,1786548044658,2026-08-12T22:20:44.658,1,1
2278,bc2c14bd2bf7551f5633c01663847239,93.0,3,1786548045658,2026-08-12T22:20:45.658,1,1
2279,bc2c14bd2bf7551f5633c01663847239,94.0,3,1786548046658,2026-08-12T22:20:46.658,1,1
2280,bc2c14bd2bf7551f5633c01663847239,94.0,3,1786548047657,2026-08-12T22:20:47.657,1,1
2281,bc2c14bd2bf7551f5633c01663847239,95.0,3,1786548048660,2026-08-12T22:20:48.660,1,1
2282,bc2c14bd2bf7551f5633c01663847239,96.0,3,1786548049657,2026-08-12T22:20:49.657,1,1
2283,bc2c14bd2bf7551f5633c01663847239,97.0,3,1786548050659,2026-08-12T22:20:50.659,1,1
2284,bc2c14bd2bf7551f5633c01663847239,96.0,3,1786548051661,2026-08-12T22:20:51.661,1,1
2285,bc2c14bd2bf7551f5633c01663847239,95.0,3,1786548052658,2026-08-12T22:20:52.658,1,1
2286,bc2c14bd2bf7551f5633c01663847239,95.0,3,1786548053659,2026-08-12T22:20:53.659,1,1
2287,bc2c14bd2bf7551f5633c01663847239,94.0,3,1786548054659,2026-08-12T22:20:54.659,1,1
2288,bc2c14bd2bf7551f5633c01663847239,94.0,3,1786548055660,2026-08-12T22:20:55.660,1,1
2289,bc2c14bd2bf7551f5633c01663847239,93.0,3,1786548056659,2026-08-12T22:20:56.659,1,1
2290,bc2c14bd2bf7551f5633c01663847239,93.0,3,1786548057661,2026-08-12T22:20:57.661,1,1
2291,bc2c14bd2bf7551f5633c01663847239,94.0,3,1786548058659,2026-08-12T22:20:58.659,1,1
2292,bc2c14bd2bf7551f5633c01663847239,94.0,3,1786548059659,2026-08-12T22:20:59.659,1,1
2293,bc2c14bd2bf7551f5633c01663847239,94.0,3,1786548060665,2026-08-12T22:21:00.665,1,1
2294,bc2c14bd2bf7551f5633c01663847239,95.0,3,1786548061658,2026-08-12T22:21:01.658,1,1
2295,bc2c14bd2bf7551f5633c01663847239,94.0,3,1786548062659,2026-08-12T22:21:02.659,1,1
2296,bc2c14bd2bf7551f5633c01663847239,94.0,3,1786548063658,2026-08-12T22:21:03.658,1,1
2297,bc2c14bd2bf7551f5633c01663847239,94.0,3,1786548064658,2026-08-12T22:21:04.658,1,1
2298,bc2c14bd2bf7551f5633c01663847239,94.0,3,1786548065657,2026-08-12T22:21:05.657,1,1
2299,bc2c14bd2bf7551f5633c01663847239,94.0,3,1786548066658,2026-08-12T22:21:06.658,1,1
2300,bc2c14bd2bf7551f5633c01663847239,95.0,3,1786548067658,2026-08-12T22:21:07.658,1,1
2301,bc2c14bd2bf7551f5633c01663847239,94.0,3,1786548068657,2026-08-12T22:21:08.657,1,1
2302,bc2c14bd2bf7551f5633c01663847239,94.0,3,1786548069658,2026-08-12T22:21:09.658,1,1
2303,bc2c14bd2bf7551f5633c01663847239,94.0,3,1786548070659,2026-08-12T22:21:10.659,1,1
2304,bc2c14bd2bf7551f5633c01663847239,93.0,3,1786548071658,2026-08-12T22:21:11.658,1,1
2305,bc2c14bd2bf7551f5633c01663847239,93.0,3,1786548072658,2026-08-12T22:21:12.658,1,1
2306,bc2c14bd2bf7551f5633c01663847239,93.0,3,1786548073658,2026-08-12T22:21:13.658,1,1
2307,bc2c14bd2bf7551f5633c01663847239,93.0,3,1786548074659,2026-08-12T22:21:14.659,1,1
2308,bc2c14bd2bf7551f5633c01663847239,94.0,3,1786548075658,2026-08-12T22:21:15.658,1,1
2309,bc2c14bd2bf7551f5633c01663847239,94.0,3,1786548076658,2026-08-12T22:21:16.658,1,1
2310,bc2c14bd2bf7551f5633c01663847239,95.0,3,1786548077658,2026-08-12T22:21:17.658,1,1
2311,bc2c14bd2bf7551f5633c01663847239,95.0,3,1786548078658,2026-08-12T22:21:18.658,1,1
2312,bc2c14bd2bf7551f5633c01663847239,94.0,3,1786548079659,2026-08-12T22:21:19.659,1,1
2313,bc2c14bd2bf7551f5633c01663847239,94.0,3,1786548080659,2026-08-12T22:21:20.659,1,1
2314,bc2c14bd2bf7551f5633c01663847239,94.0,3,1786548081659,2026-08-12T22:21:21.659,1,1
2315,bc2c14bd2bf7551f5633c01663847239,94.0,3,1786548082658,2026-08-12T22:21:22.658,1,1
2316,bc2c14bd2bf7551f5633c01663847239,93.0,3,1786548083659,2026-08-12T22:21:23.659,1,1
2317,bc2c14bd2bf7551f5633c01663847239,93.0,3,1786548084658,2026-08-12T22:21:24.658,1,1
2318,bc2c14bd2bf7551f5633c01663847239,93.0,3,1786548085675,2026-08-12T22:21:25.675,1,1
2319,bc2c14bd2bf7551f5633c01663847239,94.0,3,1786548086661,2026-08-12T22:21:26.661,1,1
2320,bc2c14bd2bf7551f5633c01663847239,94.0,3,1786548087666,2026-08-12T22:21:27.666,1,0
2321,bc2c14bd2bf7551f5633c01663847239,94.0,3,1786548088661,2026-08-12T22:21:28.661,1,1
2322,bc2c14bd2bf7551f5633c01663847239,94.0,3,1786548089673,2026-08-12T22:21:29.673,1,1
2323,bc2c14bd2bf7551f5633c01663847239,94.0,3,1786548090664,2026-08-12T22:21:30.664,1,0
2324,bc2c14bd2bf7551f5633c01663847239,94.0,3,1786548091658,2026-08-12T22:21:31.658,1,1
2325,bc2c14bd2bf7551f5633c01663847239,94.0,3,1786548092664,2026-08-12T22:21:32.664,1,1
2326,bc2c14bd2bf7551f5633c01663847239,93.0,3,1786548093661,2026-08-12T22:21:33.661,1,1
2327,bc2c14bd2bf7551f5633c01663847239,93.0,3,1786548094660,2026-08-12T22:21:34.660,1,1
2328,bc2c14bd2bf7551f5633c01663847239,93.0,3,1786548095659,2026-08-12T22:21:35.659,1,1
2329,bc2c14bd2bf7551f5633c01663847239,92.0,3,1786548096658,2026-08-12T22:21:36.658,1,1
2330,bc2c14bd2bf7551f5633c01663847239,91.0,3,1786548097658,2026-08-12T22:21:37.658,1,1
2331,bc2c14bd2bf7551f5633c01663847239,91.0,3,1786548098658,2026-08-12T22:21:38.658,1,1
2332,bc2c14bd2bf7551f5633c01663847239,91.0,3,1786548099658,2026-08-12T22:21:39.658,1,1
2333,bc2c14bd2bf7551f5633c01663847239,90.0,3,1786548100658,2026-08-12T22:21:40.658,1,1
2334,bc2c14bd2bf7551f5633c01663847239,90.0,3,1786548101658,2026-08-12T22:21:41.658,1,1
2335,bc2c14bd2bf7551f5633c01663847239,90.0,3,1786548102658,2026-08-12T22:21:42.658,1,1
2336,bc2c14bd2bf7551f5633c01663847239,90.0,3,1786548103658,2026-08-12T22:21:43.658,1,1
2337,bc2c14bd2bf7551f5633c01663847239,91.0,3,1786548104658,2026-08-12T22:21:44.658,1,1
2338,bc2c14bd2bf7551f5633c01663847239,92.0,3,1786548105658,2026-08-12T22:21:45.658,1,1
2339,bc2c14bd2bf7551f5633c01663847239,93.0,3,1786548106658,2026-08-12T22:21:46.658,1,1
2340,bc2c14bd2bf7551f5633c01663847239,93.0,3,1786548107658,2026-08-12T22:21:47.658,1,1
2341,bc2c14bd2bf7551f5633c01663847239,94.0,3,1786548108660,2026-08-12T22:21:48.660,1,1
2342,bc2c14bd2bf7551f5633c01663847239,96.0,3,1786548109665,2026-08-12T22:21:49.665,1,1
2343,bc2c14bd2bf7551f5633c01663847239,96.0,3,1786548110660,2026-08-12T22:21:50.660,1,1
2344,bc2c14bd2bf7551f5633c01663847239,97.0,3,1786548111660,2026-08-12T22:21:51.660,1,1
2345,bc2c14bd2bf7551f5633c01663847239,97.0,3,1786548112660,2026-08-12T22:21:52.660,1,1
2346,bc2c14bd2bf7551f5633c01663847239,97.0,3,1786548113660,2026-08-12T22:21:53.660,1,1
2347,bc2c14bd2bf7551f5633c01663847239,97.0,3,1786548114660,2026-08-12T22:21:54.660,1,1
2348,bc2c14bd2bf7551f5633c01663847239,97.0,3,1786548115660,2026-08-12T22:21:55.660,1,1
2349,bc2c14bd2bf7551f5633c01663847239,98.0,3,1786548116661,2026-08-12T22:21:56.661,1,1
2350,bc2c14bd2bf7551f5633c01663847239,98.0,3,1786548117660,2026-08-12T22:21:57.660,1,1
2351,bc2c14bd2bf7551f5633c01663847239,99.0,3,1786548118660,2026-08-12T22:21:58.660,1,1
2352,bc2c14bd2bf7551f5633c01663847239,99.0,3,1786548119660,2026-08-12T22:21:59.660,1,1
2353,bc2c14bd2bf7551f5633c01663847239,99.0,3,1786548120658,2026-08-12T22:22:00.658,1,1
2354,bc2c14bd2bf7551f5633c01663847239,98.0,3,1786548121661,2026-08-12T22:22:01.661,1,1
2355,bc2c14bd2bf7551f5633c01663847239,97.0,3,1786548122660,2026-08-12T22:22:02.660,1,1
2356,bc2c14bd2bf7551f5633c01663847239,96.0,3,1786548123660,2026-08-12T22:22:03.660,1,1
2357,bc2c14bd2bf7551f5633c01663847239,95.0,3,1786548124657,2026-08-12T22:22:04.657,1,1
2358,bc2c14bd2bf7551f5633c01663847239,95.0,3,1786548125658,2026-08-12T22:22:05.658,1,1
2359,bc2c14bd2bf7551f5633c01663847239,95.0,3,1786548126659,2026-08-12T22:22:06.659,1,1
2360,bc2c14bd2bf7551f5633c01663847239,94.0,3,1786548127665,2026-08-12T22:22:07.665,1,1
2361,bc2c14bd2bf7551f5633c01663847239,93.0,3,1786548128658,2026-08-12T22:22:08.658,1,1
2362,bc2c14bd2bf7551f5633c01663847239,92.0,3,1786548129658,2026-08-12T22:22:09.658,1,1
2363,bc2c14bd2bf7551f5633c01663847239,91.0,3,1786548130664,2026-08-12T22:22:10.664,1,1
2364,bc2c14bd2bf7551f5633c01663847239,90.0,3,1786548131658,2026-08-12T22:22:11.658,1,1
2365,bc2c14bd2bf7551f5633c01663847239,91.0,3,1786548132658,2026-08-12T22:22:12.658,1,1
2366,bc2c14bd2bf7551f5633c01663847239,92.0,3,1786548133657,2026-08-12T22:22:13.657,1,1
2367,bc2c14bd2bf7551f5633c01663847239,91.0,3,1786548134658,2026-08-12T22:22:14.658,1,1
2368,bc2c14bd2bf7551f5633c01663847239,92.0,3,1786548135658,2026-08-12T22:22:15.658,1,1
2369,bc2c14bd2bf7551f5633c01663847239,92.0,3,1786548136659,2026-08-12T22:22:16.659,1,1
2370,bc2c14bd2bf7551f5633c01663847239,92.0,3,1786548137658,2026-08-12T22:22:17.658,1,1
2371,bc2c14bd2bf7551f5633c01663847239,93.0,3,1786548138658,2026-08-12T22:22:18.658,1,1
2372,bc2c14bd2bf7551f5633c01663847239,94.0,3,1786548139659,2026-08-12T22:22:19.659,1,1
2373,bc2c14bd2bf7551f5633c01663847239,95.0,3,1786548140658,2026-08-12T22:22:20.658,1,1
2374,bc2c14bd2bf7551f5633c01663847239,96.0,3,1786548141658,2026-08-12T22:22:21.658,1,1
2375,bc2c14bd2bf7551f5633c01663847239,96.0,3,1786548142658,2026-08-12T22:22:22.658,1,1
2376,bc2c14bd2bf7551f5633c01663847239,95.0,3,1786548143658,2026-08-12T22:22:23.658,1,1
2377,bc2c14bd2bf7551f5633c01663847239,95.0,3,1786548144658,2026-08-12T22:22:24.658,1,1
2378,bc2c14bd2bf7551f5633c01663847239,94.0,3,1786548145658,2026-08-12T22:22:25.658,1,1
2379,bc2c14bd2bf7551f5633c01663847239,94.0,3,1786548146659,2026-08-12T22:22:26.659,1,1
2380,bc2c14bd2bf7551f5633c01663847239,94.0,3,1786548147668,2026-08-12T22:22:27.668,1,1
2381,bc2c14bd2bf7551f5633c01663847239,94.0,3,1786548148666,2026-08-12T22:22:28.666,1,1
2382,bc2c14bd2bf7551f5633c01663847239,95.0,3,1786548149664,2026-08-12T22:22:29.664,1,1
2383,bc2c14bd2bf7551f5633c01663847239,94.0,3,1786548150661,2026-08-12T22:22:30.661,1,1
2384,bc2c14bd2bf7551f5633c01663847239,94.0,3,1786548151659,2026-08-12T22:22:31.659,1,1
2385,bc2c14bd2bf7551f5633c01663847239,93.0,3,1786548152658,2026-08-12T22:22:32.658,1,1
2386,bc2c14bd2bf7551f5633c01663847239,92.0,3,1786548153658,2026-08-12T22:22:33.658,1,1
2387,bc2c14bd2bf7551f5633c01663847239,92.0,3,1786548154658,2026-08-12T22:22:34.658,1,1
2388,bc2c14bd2bf7551f5633c01663847239,91.0,3,1786548155658,2026-08-12T22:22:35.658,1,1
2389,bc2c14bd2bf7551f5633c01663847239,91.0,3,1786548156660,2026-08-12T22:22:36.660,1,1
2390,bc2c14bd2bf7551f5633c01663847239,91.0,3,1786548157658,2026-08-12T22:22:37.658,1,1
2391,bc2c14bd2bf7551f5633c01663847239,91.0,3,1786548158659,2026-08-12T22:22:38.659,1,1
2392,bc2c14bd2bf7551f5633c01663847239,92.0,3,1786548159659,2026-08-12T22:22:39.659,1,1
2393,bc2c14bd2bf7551f5633c01663847239,92.0,3,1786548160658,2026-08-12T22:22:40.658,1,1
2394,bc2c14bd2bf7551f5633c01663847239,92.0,3,1786548161658,2026-08-12T22:22:41.658,1,1
2395,bc2c14bd2bf7551f5633c01663847239,93.0,3,1786548162659,2026-08-12T22:22:42.659,1,1
2396,bc2c14bd2bf7551f5633c01663847239,93.0,3,1786548163658,2026-08-12T22:22:43.658,1,1
2397,bc2c14bd2bf7551f5633c01663847239,93.0,3,1786548164658,2026-08-12T22:22:44.658,1,1
2398,bc2c14bd2bf7551f5633c01663847239,93.0,3,1786548165658,2026-08-12T22:22:45.658,1,1
2399,bc2c14bd2bf7551f5633c01663847239,92.0,3,1786548166658,2026-08-12T22:22:46.658,1,1
2400,bc2c14bd2bf7551f5633c01663847239,92.0,3,1786548167658,2026-08-12T22:22:47.658,1,1
2401,bc2c14bd2bf7551f5633c01663847239,92.0,3,1786548168658,2026-08-12T22:22:48.658,1,1
2402,bc2c14bd2bf7551f5633c01663847239,92.0,3,1786548169658,2026-08-12T22:22:49.658,1,1
2403,bc2c14bd2bf7551f5633c01663847239,91.0,3,1786548170658,2026-08-12T22:22:50.658,1,1
2404,bc2c14bd2bf7551f5633c01663847239,91.0,3,1786548171658,2026-08-12T22:22:51.658,1,1
2405,bc2c14bd2bf7551f5633c01663847239,91.0,3,1786548172658,2026-08-12T22:22:52.658,1,1
2406,bc2c14bd2bf7551f5633c01663847239,91.0,3,1786548173658,2026-08-12T22:22:53.658,1,1
2407,bc2c14bd2bf7551f5633c01663847239,91.0,3,1786548174658,2026-08-12T22:22:54.658,1,1
2408,bc2c14bd2bf7551f5633c01663847239,90.0,3,1786548175658,2026-08-12T22:22:55.658,1,1
2409,bc2c14bd2bf7551f5633c01663847239,90.0,3,1786548176658,2026-08-12T22:22:56.658,1,1
2410,bc2c14bd2bf7551f5633c01663847239,90.0,3,1786548177658,2026-08-12T22:22:57.658,1,1
2411,bc2c14bd2bf7551f5633c01663847239,90.0,3,1786548178659,2026-08-12T22:22:58.659,1,1
2412,bc2c14bd2bf7551f5633c01663847239,90.0,3,1786548179658,2026-08-12T22:22:59.658,1,1
2413,bc2c14bd2bf7551f5633c01663847239,90.0,3,1786548180658,2026-08-12T22:23:00.658,1,1
2414,bc2c14bd2bf7551f5633c01663847239,90.0,3,1786548181657,2026-08-12T22:23:01.657,1,1
2415,bc2c14bd2bf7551f5633c01663847239,90.0,3,1786548182658,2026-08-12T22:23:02.658,1,1
2416,bc2c14bd2bf7551f5633c01663847239,91.0,3,1786548183658,2026-08-12T22:23:03.658,1,1
2417,bc2c14bd2bf7551f5633c01663847239,92.0,3,1786548184658,2026-08-12T22:23:04.658,1,1
2418,bc2c14bd2bf7551f5633c01663847239,94.0,3,1786548185658,2026-08-12T22:23:05.658,1,1
2419,bc2c14bd2bf7551f5633c01663847239,94.0,3,1786548186658,2026-08-12T22:23:06.658,1,1
2420,bc2c14bd2bf7551f5633c01663847239,93.0,3,1786548187659,2026-08-12T22:23:07.659,1,1
2421,bc2c14bd2bf7551f5633c01663847239,92.0,3,1786548188659,2026-08-12T22:23:08.659,1,1
2422,bc2c14bd2bf7551f5633c01663847239,93.0,3,1786548189667,2026-08-12T22:23:09.667,1,1
2423,bc2c14bd2bf7551f5633c01663847239,93.0,3,1786548190667,2026-08-12T22:23:10.667,1,1
2424,bc2c14bd2bf7551f5633c01663847239,93.0,3,1786548191667,2026-08-12T22:23:11.667,1,1
2425,bc2c14bd2bf7551f5633c01663847239,95.0,3,1786548192665,2026-08-12T22:23:12.665,1,1
2426,bc2c14bd2bf7551f5633c01663847239,96.0,3,1786548193664,2026-08-12T22:23:13.664,1,1
2427,bc2c14bd2bf7551f5633c01663847239,96.0,3,1786548194662,2026-08-12T22:23:14.662,1,1
2428,bc2c14bd2bf7551f5633c01663847239,97.0,3,1786548195661,2026-08-12T22:23:15.661,1,1
2429,bc2c14bd2bf7551f5633c01663847239,96.0,3,1786548196661,2026-08-12T22:23:16.661,1,1
2430,bc2c14bd2bf7551f5633c01663847239,95.0,3,1786548197668,2026-08-12T22:23:17.668,1,1
2431,bc2c14bd2bf7551f5633c01663847239,95.0,3,1786548198658,2026-08-12T22:23:18.658,1,1
2432,bc2c14bd2bf7551f5633c01663847239,95.0,3,1786548199658,2026-08-12T22:23:19.658,1,1
2433,bc2c14bd2bf7551f5633c01663847239,95.0,3,1786548200658,2026-08-12T22:23:20.658,1,1
2434,bc2c14bd2bf7551f5633c01663847239,94.0,3,1786548201658,2026-08-12T22:23:21.658,1,1
2435,bc2c14bd2bf7551f5633c01663847239,93.0,3,1786548202658,2026-08-12T22:23:22.658,1,1
2436,bc2c14bd2bf7551f5633c01663847239,93.0,3,1786548203658,2026-08-12T22:23:23.658,1,1
2437,bc2c14bd2bf7551f5633c01663847239,92.0,3,1786548204658,2026-08-12T22:23:24.658,1,1
2438,bc2c14bd2bf7551f5633c01663847239,93.0,3,1786548205663,2026-08-12T22:23:25.663,1,1
2439,bc2c14bd2bf7551f5633c01663847239,93.0,3,1786548206659,2026-08-12T22:23:26.659,1,1
2440,bc2c14bd2bf7551f5633c01663847239,93.0,3,1786548207660,2026-08-12T22:23:27.660,1,1
2441,bc2c14bd2bf7551f5633c01663847239,93.0,3,1786548208658,2026-08-12T22:23:28.658,1,1
2442,bc2c14bd2bf7551f5633c01663847239,93.0,3,1786548209658,2026-08-12T22:23:29.658,1,1
2443,bc2c14bd2bf7551f5633c01663847239,92.0,3,1786548210659,2026-08-12T22:23:30.659,1,1
2444,bc2c14bd2bf7551f5633c01663847239,93.0,3,1786548211664,2026-08-12T22:23:31.664,1,1
2445,bc2c14bd2bf7551f5633c01663847239,93.0,3,1786548212658,2026-08-12T22:23:32.658,1,1
2446,bc2c14bd2bf7551f5633c01663847239,92.0,3,1786548213658,2026-08-12T22:23:33.658,1,1
2447,bc2c14bd2bf7551f5633c01663847239,92.0,3,1786548214658,2026-08-12T22:23:34.658,1,1
2448,bc2c14bd2bf7551f5633c01663847239,93.0,3,1786548215658,2026-08-12T22:23:35.658,1,1
2449,bc2c14bd2bf7551f5633c01663847239,95.0,3,1786548216658,2026-08-12T22:23:36.658,1,1
2450,bc2c14bd2bf7551f5633c01663847239,95.0,3,1786548217688,2026-08-12T22:23:37.688,1,1
2451,bc2c14bd2bf7551f5633c01663847239,95.0,3,1786548218659,2026-08-12T22:23:38.659,1,1
2452,bc2c14bd2bf7551f5633c01663847239,96.0,3,1786548219657,2026-08-12T22:23:39.657,1,1
2453,bc2c14bd2bf7551f5633c01663847239,96.0,3,1786548220658,2026-08-12T22:23:40.658,1,1
2454,bc2c14bd2bf7551f5633c01663847239,95.0,3,1786548221657,2026-08-12T22:23:41.657,1,1
2455,bc2c14bd2bf7551f5633c01663847239,96.0,3,1786548222659,2026-08-12T22:23:42.659,1,1
2456,bc2c14bd2bf7551f5633c01663847239,96.0,3,1786548223660,2026-08-12T22:23:43.660,1,1
2457,bc2c14bd2bf7551f5633c01663847239,96.0,3,1786548224658,2026-08-12T22:23:44.658,1,1
2458,bc2c14bd2bf7551f5633c01663847239,96.0,3,1786548225658,2026-08-12T22:23:45.658,1,1
2459,bc2c14bd2bf7551f5633c01663847239,96.0,3,1786548226658,2026-08-12T22:23:46.658,1,1
2460,bc2c14bd2bf7551f5633c01663847239,95.0,3,1786548227658,2026-08-12T22:23:47.658,1,1
2461,bc2c14bd2bf7551f5633c01663847239,95.0,3,1786548228658,2026-08-12T22:23:48.658,1,1
2462,bc2c14bd2bf7551f5633c01663847239,94.0,3,1786548229658,2026-08-12T22:23:49.658,1,1
2463,bc2c14bd2bf7551f5633c01663847239,94.0,3,1786548230658,2026-08-12T22:23:50.658,1,1
2464,bc2c14bd2bf7551f5633c01663847239,93.0,3,1786548231658,2026-08-12T22:23:51.658,1,1
2465,bc2c14bd2bf7551f5633c01663847239,92.0,3,1786548232658,2026-08-12T22:23:52.658,1,1
2466,bc2c14bd2bf7551f5633c01663847239,92.0,3,1786548233658,2026-08-12T22:23:53.658,1,1
2467,bc2c14bd2bf7551f5633c01663847239,92.0,3,1786548234658,2026-08-12T22:23:54.658,1,1
2468,bc2c14bd2bf7551f5633c01663847239,93.0,3,1786548235658,2026-08-12T22:23:55.658,1,1
2469,bc2c14bd2bf7551f5633c01663847239,94.0,3,1786548236658,2026-08-12T22:23:56.658,1,1
2470,bc2c14bd2bf7551f5633c01663847239,95.0,3,1786548237658,2026-08-12T22:23:57.658,1,1
2471,bc2c14bd2bf7551f5633c01663847239,96.0,3,1786548238658,2026-08-12T22:23:58.658,1,1
2472,bc2c14bd2bf7551f5633c01663847239,96.0,3,1786548239659,2026-08-12T22:23:59.659,1,1
2473,bc2c14bd2bf7551f5633c01663847239,95.0,3,1786548240666,2026-08-12T22:24:00.666,1,1
2474,bc2c14bd2bf7551f5633c01663847239,94.0,3,1786548241667,2026-08-12T22:24:01.667,1,1
2475,bc2c14bd2bf7551f5633c01663847239,93.0,3,1786548242666,2026-08-12T22:24:02.666,1,1
2476,bc2c14bd2bf7551f5633c01663847239,93.0,3,1786548243664,2026-08-12T22:24:03.664,1,1
2477,bc2c14bd2bf7551f5633c01663847239,94.0,3,1786548244674,2026-08-12T22:24:04.674,1,1
2478,bc2c14bd2bf7551f5633c01663847239,94.0,3,1786548245661,2026-08-12T22:24:05.661,1,1
2479,bc2c14bd2bf7551f5633c01663847239,94.0,3,1786548246661,2026-08-12T22:24:06.661,1,1
2480,bc2c14bd2bf7551f5633c01663847239,93.0,3,1786548247662,2026-08-12T22:24:07.662,1,1
2481,bc2c14bd2bf7551f5633c01663847239,92.0,3,1786548248658,2026-08-12T22:24:08.658,1,1
2482,bc2c14bd2bf7551f5633c01663847239,91.0,3,1786548249659,2026-08-12T22:24:09.659,1,1
2483,bc2c14bd2bf7551f5633c01663847239,91.0,3,1786548250660,2026-08-12T22:24:10.660,1,1
2484,bc2c14bd2bf7551f5633c01663847239,91.0,3,1786548251661,2026-08-12T22:24:11.661,1,1
2485,bc2c14bd2bf7551f5633c01663847239,91.0,3,1786548252661,2026-08-12T22:24:12.661,1,1
2486,bc2c14bd2bf7551f5633c01663847239,91.0,3,1786548253664,2026-08-12T22:24:13.664,1,1
2487,bc2c14bd2bf7551f5633c01663847239,90.0,3,1786548254666,2026-08-12T22:24:14.666,1,1
2488,bc2c14bd2bf7551f5633c01663847239,89.0,3,1786548255658,2026-08-12T22:24:15.658,1,1
2489,bc2c14bd2bf7551f5633c01663847239,89.0,3,1786548256658,2026-08-12T22:24:16.658,1,1
2490,bc2c14bd2bf7551f5633c01663847239,88.0,3,1786548257659,2026-08-12T22:24:17.659,1,1
2491,bc2c14bd2bf7551f5633c01663847239,88.0,3,1786548258658,2026-08-12T22:24:18.658,1,1
2492,bc2c14bd2bf7551f5633c01663847239,88.0,3,1786548259659,2026-08-12T22:24:19.659,1,1
2493,bc2c14bd2bf7551f5633c01663847239,88.0,3,1786548260658,2026-08-12T22:24:20.658,1,1
2494,bc2c14bd2bf7551f5633c01663847239,89.0,3,1786548261659,2026-08-12T22:24:21.659,1,1
2495,bc2c14bd2bf7551f5633c01663847239,90.0,3,1786548262659,2026-08-12T22:24:22.659,1,1
2496,bc2c14bd2bf7551f5633c01663847239,91.0,3,1786548263658,2026-08-12T22:24:23.658,1,1
2497,bc2c14bd2bf7551f5633c01663847239,92.0,3,1786548264658,2026-08-12T22:24:24.658,1,1
2498,bc2c14bd2bf7551f5633c01663847239,92.0,3,1786548265657,2026-08-12T22:24:25.657,1,1
2499,bc2c14bd2bf7551f5633c01663847239,94.0,3,1786548266659,2026-08-12T22:24:26.659,1,1
2500,bc2c14bd2bf7551f5633c01663847239,95.0,3,1786548267670,2026-08-12T22:24:27.670,1,1
2501,bc2c14bd2bf7551f5633c01663847239,95.0,3,1786548268659,2026-08-12T22:24:28.659,1,1
2502,bc2c14bd2bf7551f5633c01663847239,96.0,3,1786548269657,2026-08-12T22:24:29.657,1,1
2503,bc2c14bd2bf7551f5633c01663847239,97.0,3,1786548270657,2026-08-12T22:24:30.657,1,1
2504,bc2c14bd2bf7551f5633c01663847239,97.0,3,1786548271658,2026-08-12T22:24:31.658,1,1
2505,bc2c14bd2bf7551f5633c01663847239,97.0,3,1786548272658,2026-08-12T22:24:32.658,1,1
2506,bc2c14bd2bf7551f5633c01663847239,98.0,3,1786548273658,2026-08-12T22:24:33.658,1,1
2507,bc2c14bd2bf7551f5633c01663847239,98.0,3,1786548274657,2026-08-12T22:24:34.657,1,1
2508,bc2c14bd2bf7551f5633c01663847239,99.0,3,1786548275657,2026-08-12T22:24:35.657,1,1
2509,bc2c14bd2bf7551f5633c01663847239,98.0,3,1786548276658,2026-08-12T22:24:36.658,1,1
2510,bc2c14bd2bf7551f5633c01663847239,98.0,3,1786548277658,2026-08-12T22:24:37.658,1,1
2511,bc2c14bd2bf7551f5633c01663847239,98.0,3,1786548278658,2026-08-12T22:24:38.658,1,1
2512,bc2c14bd2bf7551f5633c01663847239,97.0,3,1786548279658,2026-08-12T22:24:39.658,1,1
2513,bc2c14bd2bf7551f5633c01663847239,97.0,3,1786548280659,2026-08-12T22:24:40.659,1,1
2514,bc2c14bd2bf7551f5633c01663847239,96.0,3,1786548281658,2026-08-12T22:24:41.658,1,1
2515,bc2c14bd2bf7551f5633c01663847239,95.0,3,1786548282658,2026-08-12T22:24:42.658,0,1
2516,bc2c14bd2bf7551f5633c01663847239,95.0,3,1786548283658,2026-08-12T22:24:43.658,0,1
2517,bc2c14bd2bf7551f5633c01663847239,94.0,3,1786548284658,2026-08-12T22:24:44.658,0,1
2518,bc2c14bd2bf7551f5633c01663847239,93.0,3,1786548285658,2026-08-12T22:24:45.658,0,1
2519,bc2c14bd2bf7551f5633c01663847239,93.0,3,1786548286659,2026-08-12T22:24:46.659,0,1
2520,bc2c14bd2bf7551f5633c01663847239,93.0,3,1786548287658,2026-08-12T22:24:47.658,0,1
2521,bc2c14bd2bf7551f5633c01663847239,92.0,3,1786548288658,2026-08-12T22:24:48.658,0,1
2522,bc2c14bd2bf7551f5633c01663847239,92.0,3,1786548289660,2026-08-12T22:24:49.660,0,1
2523,bc2c14bd2bf7551f5633c01663847239,92.0,3,1786548290658,2026-08-12T22:24:50.658,0,1
