id,device_id,record_id,bpm,accuracy,time_ms,time_iso
6281,588aca26ed1bfc095abf2de16bf97b57,1258,88.0,3,1786591805177,2026-08-13T10:30:05.177
6282,588aca26ed1bfc095abf2de16bf97b57,1259,88.0,-1,1786591806176,2026-08-13T10:30:06.176
6283,588aca26ed1bfc095abf2de16bf97b57,1260,88.0,-1,1786591807178,2026-08-13T10:30:07.178
6284,588aca26ed1bfc095abf2de16bf97b57,1261,82.0,3,1786591808179,2026-08-13T10:30:08.179
6285,588aca26ed1bfc095abf2de16bf97b57,1262,83.0,3,1786591809178,2026-08-13T10:30:09.178
6286,588aca26ed1bfc095abf2de16bf97b57,1263,83.0,3,1786591810181,2026-08-13T10:30:10.181
6287,588aca26ed1bfc095abf2de16bf97b57,1264,82.0,3,1786591811178,2026-08-13T10:30:11.178
6288,588aca26ed1bfc095abf2de16bf97b57,1265,83.0,3,1786591812176,2026-08-13T10:30:12.176
6289,588aca26ed1bfc095abf2de16bf97b57,1266,83.0,3,1786591813176,2026-08-13T10:30:13.176
6290,588aca26ed1bfc095abf2de16bf97b57,1267,84.0,3,1786591814177,2026-08-13T10:30:14.177
6291,588aca26ed1bfc095abf2de16bf97b57,1268,84.0,3,1786591815177,2026-08-13T10:30:15.177
6292,588aca26ed1bfc095abf2de16bf97b57,1269,84.0,3,1786591816177,2026-08-13T10:30:16.177
6293,588aca26ed1bfc095abf2de16bf97b57,1270,85.0,3,1786591817179,2026-08-13T10:30:17.179
6294,588aca26ed1bfc095abf2de16bf97b57,1271,86.0,3,1786591818179,2026-08-13T10:30:18.179
6295,588aca26ed1bfc095abf2de16bf97b57,1272,87.0,3,1786591819177,2026-08-13T10:30:19.177
6296,588aca26ed1bfc095abf2de16bf97b57,1273,88.0,3,1786591820177,2026-08-13T10:30:20.177
6297,588aca26ed1bfc095abf2de16bf97b57,1274,87.0,3,1786591821177,2026-08-13T10:30:21.177
6298,588aca26ed1bfc095abf2de16bf97b57,1275,88.0,3,1786591822178,2026-08-13T10:30:22.178
6299,588aca26ed1bfc095abf2de16bf97b57,1276,89.0,3,1786591823176,2026-08-13T10:30:23.176
6300,588aca26ed1bfc095abf2de16bf97b57,1277,88.0,3,1786591824176,2026-08-13T10:30:24.176
6301,588aca26ed1bfc095abf2de16bf97b57,1278,89.0,3,1786591825176,2026-08-13T10:30:25.176
6302,588aca26ed1bfc095abf2de16bf97b57,1279,88.0,3,1786591826177,2026-08-13T10:30:26.177
6303,588aca26ed1bfc095abf2de16bf97b57,1280,88.0,3,1786591827176,2026-08-13T10:30:27.176
6304,588aca26ed1bfc095abf2de16bf97b57,1281,89.0,3,1786591828176,2026-08-13T10:30:28.176
6305,588aca26ed1bfc095abf2de16bf97b57,1282,89.0,3,1786591829176,2026-08-13T10:30:29.176
6306,588aca26ed1bfc095abf2de16bf97b57,1283,89.0,3,1786591830176,2026-08-13T10:30:30.176
6307,588aca26ed1bfc095abf2de16bf97b57,1284,89.0,3,1786591831177,2026-08-13T10:30:31.177
6308,588aca26ed1bfc095abf2de16bf97b57,1285,89.0,3,1786591832185,2026-08-13T10:30:32.185
6309,588aca26ed1bfc095abf2de16bf97b57,1286,89.0,3,1786591833184,2026-08-13T10:30:33.184
6310,588aca26ed1bfc095abf2de16bf97b57,1287,89.0,3,1786591834182,2026-08-13T10:30:34.182
6311,588aca26ed1bfc095abf2de16bf97b57,1288,89.0,3,1786591835183,2026-08-13T10:30:35.183
6312,588aca26ed1bfc095abf2de16bf97b57,1289,89.0,3,1786591836178,2026-08-13T10:30:36.178
6313,588aca26ed1bfc095abf2de16bf97b57,1290,89.0,3,1786591837176,2026-08-13T10:30:37.176
6314,588aca26ed1bfc095abf2de16bf97b57,1291,90.0,3,1786591838177,2026-08-13T10:30:38.177
6315,588aca26ed1bfc095abf2de16bf97b57,1292,91.0,3,1786591839176,2026-08-13T10:30:39.176
6316,588aca26ed1bfc095abf2de16bf97b57,1293,92.0,3,1786591840177,2026-08-13T10:30:40.177
6317,588aca26ed1bfc095abf2de16bf97b57,1294,93.0,3,1786591841177,2026-08-13T10:30:41.177
6318,588aca26ed1bfc095abf2de16bf97b57,1295,93.0,3,1786591842177,2026-08-13T10:30:42.177
6319,588aca26ed1bfc095abf2de16bf97b57,1296,94.0,3,1786591843177,2026-08-13T10:30:43.177
6320,588aca26ed1bfc095abf2de16bf97b57,1297,94.0,3,1786591844176,2026-08-13T10:30:44.176
6321,588aca26ed1bfc095abf2de16bf97b57,1298,94.0,3,1786591845176,2026-08-13T10:30:45.176
6322,588aca26ed1bfc095abf2de16bf97b57,1299,94.0,3,1786591846176,2026-08-13T10:30:46.176
6323,588aca26ed1bfc095abf2de16bf97b57,1300,93.0,3,1786591847182,2026-08-13T10:30:47.182
6324,588aca26ed1bfc095abf2de16bf97b57,1301,92.0,3,1786591848176,2026-08-13T10:30:48.176
6325,588aca26ed1bfc095abf2de16bf97b57,1302,91.0,3,1786591849176,2026-08-13T10:30:49.176
6326,588aca26ed1bfc095abf2de16bf97b57,1303,91.0,3,1786591850176,2026-08-13T10:30:50.176
6327,588aca26ed1bfc095abf2de16bf97b57,1304,90.0,3,1786591851177,2026-08-13T10:30:51.177
6328,588aca26ed1bfc095abf2de16bf97b57,1305,89.0,3,1786591852177,2026-08-13T10:30:52.177
6329,588aca26ed1bfc095abf2de16bf97b57,1306,89.0,3,1786591853176,2026-08-13T10:30:53.176
6330,588aca26ed1bfc095abf2de16bf97b57,1307,89.0,3,1786591854176,2026-08-13T10:30:54.176
6331,588aca26ed1bfc095abf2de16bf97b57,1308,89.0,3,1786591855184,2026-08-13T10:30:55.184
6332,588aca26ed1bfc095abf2de16bf97b57,1309,89.0,3,1786591856182,2026-08-13T10:30:56.182
6333,588aca26ed1bfc095abf2de16bf97b57,1310,88.0,3,1786591857182,2026-08-13T10:30:57.182
6334,588aca26ed1bfc095abf2de16bf97b57,1311,88.0,3,1786591858180,2026-08-13T10:30:58.180
6335,588aca26ed1bfc095abf2de16bf97b57,1312,88.0,3,1786591859178,2026-08-13T10:30:59.178
6336,588aca26ed1bfc095abf2de16bf97b57,1313,88.0,3,1786591860178,2026-08-13T10:31:00.178
6337,588aca26ed1bfc095abf2de16bf97b57,1314,87.0,3,1786591861176,2026-08-13T10:31:01.176
6338,588aca26ed1bfc095abf2de16bf97b57,1315,87.0,3,1786591862177,2026-08-13T10:31:02.177
6339,588aca26ed1bfc095abf2de16bf97b57,1316,87.0,3,1786591863176,2026-08-13T10:31:03.176
6340,588aca26ed1bfc095abf2de16bf97b57,1317,87.0,3,1786591864177,2026-08-13T10:31:04.177
6341,588aca26ed1bfc095abf2de16bf97b57,1318,87.0,3,1786591865182,2026-08-13T10:31:05.182
6342,588aca26ed1bfc095abf2de16bf97b57,1319,88.0,3,1786591866179,2026-08-13T10:31:06.179
6343,588aca26ed1bfc095abf2de16bf97b57,1320,88.0,3,1786591867179,2026-08-13T10:31:07.179
6344,588aca26ed1bfc095abf2de16bf97b57,1321,88.0,3,1786591868179,2026-08-13T10:31:08.179
6345,588aca26ed1bfc095abf2de16bf97b57,1322,89.0,3,1786591869179,2026-08-13T10:31:09.179
6346,588aca26ed1bfc095abf2de16bf97b57,1323,89.0,3,1786591870179,2026-08-13T10:31:10.179
6347,588aca26ed1bfc095abf2de16bf97b57,1324,89.0,3,1786591871176,2026-08-13T10:31:11.176
6348,588aca26ed1bfc095abf2de16bf97b57,1325,89.0,3,1786591872177,2026-08-13T10:31:12.177
6349,588aca26ed1bfc095abf2de16bf97b57,1326,89.0,3,1786591873176,2026-08-13T10:31:13.176
6350,588aca26ed1bfc095abf2de16bf97b57,1327,89.0,3,1786591874176,2026-08-13T10:31:14.176
6351,588aca26ed1bfc095abf2de16bf97b57,1328,89.0,3,1786591875177,2026-08-13T10:31:15.177
6352,588aca26ed1bfc095abf2de16bf97b57,1329,90.0,3,1786591876176,2026-08-13T10:31:16.176
6353,588aca26ed1bfc095abf2de16bf97b57,1330,91.0,3,1786591877176,2026-08-13T10:31:17.176
6354,588aca26ed1bfc095abf2de16bf97b57,1331,91.0,3,1786591878178,2026-08-13T10:31:18.178
6355,588aca26ed1bfc095abf2de16bf97b57,1332,91.0,3,1786591879176,2026-08-13T10:31:19.176
6356,588aca26ed1bfc095abf2de16bf97b57,1333,91.0,3,1786591880177,2026-08-13T10:31:20.177
6357,588aca26ed1bfc095abf2de16bf97b57,1334,91.0,3,1786591881176,2026-08-13T10:31:21.176
6358,588aca26ed1bfc095abf2de16bf97b57,1335,91.0,3,1786591882186,2026-08-13T10:31:22.186
6359,588aca26ed1bfc095abf2de16bf97b57,1336,91.0,3,1786591883183,2026-08-13T10:31:23.183
6360,588aca26ed1bfc095abf2de16bf97b57,1337,91.0,3,1786591884184,2026-08-13T10:31:24.184
6361,588aca26ed1bfc095abf2de16bf97b57,1338,91.0,3,1786591885182,2026-08-13T10:31:25.182
6362,588aca26ed1bfc095abf2de16bf97b57,1339,92.0,3,1786591886182,2026-08-13T10:31:26.182
6363,588aca26ed1bfc095abf2de16bf97b57,1340,92.0,3,1786591887179,2026-08-13T10:31:27.179
6364,588aca26ed1bfc095abf2de16bf97b57,1341,92.0,3,1786591888176,2026-08-13T10:31:28.176
6365,588aca26ed1bfc095abf2de16bf97b57,1342,93.0,3,1786591889176,2026-08-13T10:31:29.176
6366,588aca26ed1bfc095abf2de16bf97b57,1343,92.0,3,1786591890176,2026-08-13T10:31:30.176
6367,588aca26ed1bfc095abf2de16bf97b57,1344,91.0,3,1786591891176,2026-08-13T10:31:31.176
6368,588aca26ed1bfc095abf2de16bf97b57,1345,91.0,3,1786591892176,2026-08-13T10:31:32.176
6369,588aca26ed1bfc095abf2de16bf97b57,1346,92.0,3,1786591893176,2026-08-13T10:31:33.176
6370,588aca26ed1bfc095abf2de16bf97b57,1347,93.0,3,1786591894177,2026-08-13T10:31:34.177
6371,588aca26ed1bfc095abf2de16bf97b57,1348,94.0,3,1786591895176,2026-08-13T10:31:35.176
6372,588aca26ed1bfc095abf2de16bf97b57,1349,95.0,3,1786591896176,2026-08-13T10:31:36.176
6373,588aca26ed1bfc095abf2de16bf97b57,1350,96.0,3,1786591897178,2026-08-13T10:31:37.178
6374,588aca26ed1bfc095abf2de16bf97b57,1351,97.0,3,1786591898178,2026-08-13T10:31:38.178
6375,588aca26ed1bfc095abf2de16bf97b57,1352,97.0,3,1786591899176,2026-08-13T10:31:39.176
6376,588aca26ed1bfc095abf2de16bf97b57,1353,97.0,3,1786591900177,2026-08-13T10:31:40.177
6377,588aca26ed1bfc095abf2de16bf97b57,1354,96.0,3,1786591901177,2026-08-13T10:31:41.177
6378,588aca26ed1bfc095abf2de16bf97b57,1355,95.0,3,1786591902177,2026-08-13T10:31:42.177
6379,588aca26ed1bfc095abf2de16bf97b57,1356,96.0,3,1786591903176,2026-08-13T10:31:43.176
6380,588aca26ed1bfc095abf2de16bf97b57,1357,95.0,3,1786591904177,2026-08-13T10:31:44.177
6381,588aca26ed1bfc095abf2de16bf97b57,1358,95.0,3,1786591905176,2026-08-13T10:31:45.176
6382,588aca26ed1bfc095abf2de16bf97b57,1359,94.0,3,1786591906176,2026-08-13T10:31:46.176
6383,588aca26ed1bfc095abf2de16bf97b57,1360,94.0,3,1786591907177,2026-08-13T10:31:47.177
6384,588aca26ed1bfc095abf2de16bf97b57,1361,93.0,3,1786591908177,2026-08-13T10:31:48.177
6385,588aca26ed1bfc095abf2de16bf97b57,1362,92.0,3,1786591909178,2026-08-13T10:31:49.178
6386,588aca26ed1bfc095abf2de16bf97b57,1363,92.0,3,1786591910176,2026-08-13T10:31:50.176
6387,588aca26ed1bfc095abf2de16bf97b57,1364,92.0,3,1786591911176,2026-08-13T10:31:51.176
6388,588aca26ed1bfc095abf2de16bf97b57,1365,91.0,3,1786591912177,2026-08-13T10:31:52.177
6389,588aca26ed1bfc095abf2de16bf97b57,1366,91.0,3,1786591913177,2026-08-13T10:31:53.177
6390,588aca26ed1bfc095abf2de16bf97b57,1367,91.0,3,1786591914187,2026-08-13T10:31:54.187
6391,588aca26ed1bfc095abf2de16bf97b57,1368,90.0,3,1786591915183,2026-08-13T10:31:55.183
6392,588aca26ed1bfc095abf2de16bf97b57,1369,90.0,3,1786591916184,2026-08-13T10:31:56.184
6393,588aca26ed1bfc095abf2de16bf97b57,1370,89.0,3,1786591917185,2026-08-13T10:31:57.185
6394,588aca26ed1bfc095abf2de16bf97b57,1371,88.0,3,1786591918184,2026-08-13T10:31:58.184
6395,588aca26ed1bfc095abf2de16bf97b57,1372,87.0,3,1786591919176,2026-08-13T10:31:59.176
6396,588aca26ed1bfc095abf2de16bf97b57,1373,86.0,3,1786591920182,2026-08-13T10:32:00.182
6397,588aca26ed1bfc095abf2de16bf97b57,1374,86.0,3,1786591921180,2026-08-13T10:32:01.180
6398,588aca26ed1bfc095abf2de16bf97b57,1375,87.0,3,1786591922180,2026-08-13T10:32:02.180
6399,588aca26ed1bfc095abf2de16bf97b57,1376,87.0,3,1786591923176,2026-08-13T10:32:03.176
6400,588aca26ed1bfc095abf2de16bf97b57,1377,87.0,3,1786591924176,2026-08-13T10:32:04.176
6401,588aca26ed1bfc095abf2de16bf97b57,1378,88.0,3,1786591925178,2026-08-13T10:32:05.178
6402,588aca26ed1bfc095abf2de16bf97b57,1379,88.0,3,1786591926177,2026-08-13T10:32:06.177
6403,588aca26ed1bfc095abf2de16bf97b57,1380,89.0,3,1786591927176,2026-08-13T10:32:07.176
6404,588aca26ed1bfc095abf2de16bf97b57,1381,89.0,3,1786591928177,2026-08-13T10:32:08.177
6405,588aca26ed1bfc095abf2de16bf97b57,1382,88.0,3,1786591929176,2026-08-13T10:32:09.176
6406,588aca26ed1bfc095abf2de16bf97b57,1383,88.0,3,1786591930176,2026-08-13T10:32:10.176
6407,588aca26ed1bfc095abf2de16bf97b57,1384,87.0,3,1786591931176,2026-08-13T10:32:11.176
6408,588aca26ed1bfc095abf2de16bf97b57,1385,87.0,3,1786591932178,2026-08-13T10:32:12.178
6409,588aca26ed1bfc095abf2de16bf97b57,1386,87.0,3,1786591933178,2026-08-13T10:32:13.178
6410,588aca26ed1bfc095abf2de16bf97b57,1387,87.0,3,1786591934176,2026-08-13T10:32:14.176
6411,588aca26ed1bfc095abf2de16bf97b57,1388,87.0,3,1786591935179,2026-08-13T10:32:15.179
6412,588aca26ed1bfc095abf2de16bf97b57,1389,87.0,3,1786591936179,2026-08-13T10:32:16.179
6413,588aca26ed1bfc095abf2de16bf97b57,1390,87.0,3,1786591937178,2026-08-13T10:32:17.178
6414,588aca26ed1bfc095abf2de16bf97b57,1391,87.0,3,1786591938177,2026-08-13T10:32:18.177
6415,588aca26ed1bfc095abf2de16bf97b57,1392,87.0,3,1786591939177,2026-08-13T10:32:19.177
6416,588aca26ed1bfc095abf2de16bf97b57,1393,87.0,3,1786591940177,2026-08-13T10:32:20.177
6417,588aca26ed1bfc095abf2de16bf97b57,1394,87.0,3,1786591941176,2026-08-13T10:32:21.176
6418,588aca26ed1bfc095abf2de16bf97b57,1395,87.0,3,1786591942176,2026-08-13T10:32:22.176
6419,588aca26ed1bfc095abf2de16bf97b57,1396,88.0,3,1786591943177,2026-08-13T10:32:23.177
6420,588aca26ed1bfc095abf2de16bf97b57,1397,89.0,3,1786591944176,2026-08-13T10:32:24.176
6421,588aca26ed1bfc095abf2de16bf97b57,1398,89.0,3,1786591945177,2026-08-13T10:32:25.177
6422,588aca26ed1bfc095abf2de16bf97b57,1399,90.0,3,1786591946176,2026-08-13T10:32:26.176
6423,588aca26ed1bfc095abf2de16bf97b57,1400,90.0,3,1786591947177,2026-08-13T10:32:27.177
6424,588aca26ed1bfc095abf2de16bf97b57,1401,89.0,3,1786591948178,2026-08-13T10:32:28.178
6425,588aca26ed1bfc095abf2de16bf97b57,1402,90.0,3,1786591949177,2026-08-13T10:32:29.177
6426,588aca26ed1bfc095abf2de16bf97b57,1403,90.0,3,1786591950176,2026-08-13T10:32:30.176
6427,588aca26ed1bfc095abf2de16bf97b57,1404,90.0,3,1786591951176,2026-08-13T10:32:31.176
6428,588aca26ed1bfc095abf2de16bf97b57,1405,90.0,3,1786591952177,2026-08-13T10:32:32.177
6429,588aca26ed1bfc095abf2de16bf97b57,1406,91.0,3,1786591953178,2026-08-13T10:32:33.178
6430,588aca26ed1bfc095abf2de16bf97b57,1407,91.0,3,1786591954177,2026-08-13T10:32:34.177
6431,588aca26ed1bfc095abf2de16bf97b57,1408,90.0,3,1786591955176,2026-08-13T10:32:35.176
6432,588aca26ed1bfc095abf2de16bf97b57,1409,90.0,3,1786591956176,2026-08-13T10:32:36.176
6433,588aca26ed1bfc095abf2de16bf97b57,1410,91.0,3,1786591957176,2026-08-13T10:32:37.176
6434,588aca26ed1bfc095abf2de16bf97b57,1411,91.0,3,1786591958176,2026-08-13T10:32:38.176
6435,588aca26ed1bfc095abf2de16bf97b57,1412,89.0,3,1786591959176,2026-08-13T10:32:39.176
6436,588aca26ed1bfc095abf2de16bf97b57,1413,88.0,3,1786591960176,2026-08-13T10:32:40.176
6437,588aca26ed1bfc095abf2de16bf97b57,1414,89.0,3,1786591961176,2026-08-13T10:32:41.176
6438,588aca26ed1bfc095abf2de16bf97b57,1415,90.0,3,1786591962177,2026-08-13T10:32:42.177
6439,588aca26ed1bfc095abf2de16bf97b57,1416,91.0,3,1786591963177,2026-08-13T10:32:43.177
6440,588aca26ed1bfc095abf2de16bf97b57,1417,91.0,3,1786591964177,2026-08-13T10:32:44.177
6441,588aca26ed1bfc095abf2de16bf97b57,1418,90.0,3,1786591965177,2026-08-13T10:32:45.177
6442,588aca26ed1bfc095abf2de16bf97b57,1419,90.0,3,1786591966186,2026-08-13T10:32:46.186
6443,588aca26ed1bfc095abf2de16bf97b57,1420,89.0,3,1786591967185,2026-08-13T10:32:47.185
6444,588aca26ed1bfc095abf2de16bf97b57,1421,88.0,3,1786591968187,2026-08-13T10:32:48.187
6445,588aca26ed1bfc095abf2de16bf97b57,1422,88.0,3,1786591969185,2026-08-13T10:32:49.185
6446,588aca26ed1bfc095abf2de16bf97b57,1423,87.0,3,1786591970182,2026-08-13T10:32:50.182
6447,588aca26ed1bfc095abf2de16bf97b57,1424,86.0,3,1786591971184,2026-08-13T10:32:51.184
6448,588aca26ed1bfc095abf2de16bf97b57,1425,86.0,3,1786591972186,2026-08-13T10:32:52.186
6449,588aca26ed1bfc095abf2de16bf97b57,1426,86.0,3,1786591973185,2026-08-13T10:32:53.185
6450,588aca26ed1bfc095abf2de16bf97b57,1427,86.0,3,1786591974186,2026-08-13T10:32:54.186
6451,588aca26ed1bfc095abf2de16bf97b57,1428,85.0,3,1786591975177,2026-08-13T10:32:55.177
6452,588aca26ed1bfc095abf2de16bf97b57,1429,85.0,3,1786591976177,2026-08-13T10:32:56.177
6453,588aca26ed1bfc095abf2de16bf97b57,1430,84.0,3,1786591977176,2026-08-13T10:32:57.176
6454,588aca26ed1bfc095abf2de16bf97b57,1431,84.0,3,1786591978178,2026-08-13T10:32:58.178
6455,588aca26ed1bfc095abf2de16bf97b57,1432,84.0,3,1786591979177,2026-08-13T10:32:59.177
6456,588aca26ed1bfc095abf2de16bf97b57,1433,84.0,3,1786591980177,2026-08-13T10:33:00.177
6457,588aca26ed1bfc095abf2de16bf97b57,1434,84.0,3,1786591981177,2026-08-13T10:33:01.177
6458,588aca26ed1bfc095abf2de16bf97b57,1435,85.0,3,1786591982177,2026-08-13T10:33:02.177
6459,588aca26ed1bfc095abf2de16bf97b57,1436,85.0,3,1786591983185,2026-08-13T10:33:03.185
6460,588aca26ed1bfc095abf2de16bf97b57,1437,85.0,3,1786591984185,2026-08-13T10:33:04.185
6461,588aca26ed1bfc095abf2de16bf97b57,1438,85.0,3,1786591985186,2026-08-13T10:33:05.186
6462,588aca26ed1bfc095abf2de16bf97b57,1439,86.0,3,1786591986178,2026-08-13T10:33:06.178
6463,588aca26ed1bfc095abf2de16bf97b57,1440,86.0,3,1786591987182,2026-08-13T10:33:07.182
6464,588aca26ed1bfc095abf2de16bf97b57,1441,86.0,3,1786591988176,2026-08-13T10:33:08.176
6465,588aca26ed1bfc095abf2de16bf97b57,1442,87.0,3,1786591989176,2026-08-13T10:33:09.176
6466,588aca26ed1bfc095abf2de16bf97b57,1443,87.0,3,1786591990183,2026-08-13T10:33:10.183
6467,588aca26ed1bfc095abf2de16bf97b57,1444,88.0,3,1786591991183,2026-08-13T10:33:11.183
6468,588aca26ed1bfc095abf2de16bf97b57,1445,88.0,3,1786591992180,2026-08-13T10:33:12.180
6469,588aca26ed1bfc095abf2de16bf97b57,1446,88.0,3,1786591993178,2026-08-13T10:33:13.178
6470,588aca26ed1bfc095abf2de16bf97b57,1447,88.0,3,1786591994180,2026-08-13T10:33:14.180
6471,588aca26ed1bfc095abf2de16bf97b57,1448,88.0,3,1786591995182,2026-08-13T10:33:15.182
6472,588aca26ed1bfc095abf2de16bf97b57,1449,88.0,3,1786591996176,2026-08-13T10:33:16.176
6473,588aca26ed1bfc095abf2de16bf97b57,1450,88.0,3,1786591997180,2026-08-13T10:33:17.180
6474,588aca26ed1bfc095abf2de16bf97b57,1451,89.0,3,1786591998180,2026-08-13T10:33:18.180
6475,588aca26ed1bfc095abf2de16bf97b57,1452,89.0,3,1786591999181,2026-08-13T10:33:19.181
6476,588aca26ed1bfc095abf2de16bf97b57,1453,89.0,3,1786592000185,2026-08-13T10:33:20.185
6477,588aca26ed1bfc095abf2de16bf97b57,1454,89.0,3,1786592001176,2026-08-13T10:33:21.176
6478,588aca26ed1bfc095abf2de16bf97b57,1455,88.0,3,1786592002176,2026-08-13T10:33:22.176
6479,588aca26ed1bfc095abf2de16bf97b57,1456,88.0,3,1786592003179,2026-08-13T10:33:23.179
6480,588aca26ed1bfc095abf2de16bf97b57,1457,89.0,3,1786592004177,2026-08-13T10:33:24.177
6481,588aca26ed1bfc095abf2de16bf97b57,1458,89.0,3,1786592005181,2026-08-13T10:33:25.181
6482,588aca26ed1bfc095abf2de16bf97b57,1459,90.0,3,1786592006183,2026-08-13T10:33:26.183
6483,588aca26ed1bfc095abf2de16bf97b57,1460,90.0,3,1786592007176,2026-08-13T10:33:27.176
6484,588aca26ed1bfc095abf2de16bf97b57,1461,89.0,3,1786592008181,2026-08-13T10:33:28.181
6485,588aca26ed1bfc095abf2de16bf97b57,1462,89.0,3,1786592009181,2026-08-13T10:33:29.181
6486,588aca26ed1bfc095abf2de16bf97b57,1463,88.0,3,1786592010176,2026-08-13T10:33:30.176
6487,588aca26ed1bfc095abf2de16bf97b57,1464,88.0,3,1786592011177,2026-08-13T10:33:31.177
6488,588aca26ed1bfc095abf2de16bf97b57,1465,88.0,3,1786592012181,2026-08-13T10:33:32.181
6489,588aca26ed1bfc095abf2de16bf97b57,1466,88.0,3,1786592013179,2026-08-13T10:33:33.179
6490,588aca26ed1bfc095abf2de16bf97b57,1467,88.0,3,1786592014176,2026-08-13T10:33:34.176
6491,588aca26ed1bfc095abf2de16bf97b57,1468,87.0,3,1786592015178,2026-08-13T10:33:35.178
6492,588aca26ed1bfc095abf2de16bf97b57,1469,87.0,3,1786592016179,2026-08-13T10:33:36.179
6493,588aca26ed1bfc095abf2de16bf97b57,1470,87.0,3,1786592017179,2026-08-13T10:33:37.179
6494,588aca26ed1bfc095abf2de16bf97b57,1471,87.0,3,1786592018178,2026-08-13T10:33:38.178
6495,588aca26ed1bfc095abf2de16bf97b57,1472,88.0,3,1786592019177,2026-08-13T10:33:39.177
6496,588aca26ed1bfc095abf2de16bf97b57,1473,88.0,3,1786592020176,2026-08-13T10:33:40.176
6497,588aca26ed1bfc095abf2de16bf97b57,1474,88.0,3,1786592021177,2026-08-13T10:33:41.177
6498,588aca26ed1bfc095abf2de16bf97b57,1475,88.0,3,1786592022177,2026-08-13T10:33:42.177
6499,588aca26ed1bfc095abf2de16bf97b57,1476,89.0,3,1786592023176,2026-08-13T10:33:43.176
6500,588aca26ed1bfc095abf2de16bf97b57,1477,89.0,3,1786592024186,2026-08-13T10:33:44.186
6501,588aca26ed1bfc095abf2de16bf97b57,1478,89.0,3,1786592025184,2026-08-13T10:33:45.184
6502,588aca26ed1bfc095abf2de16bf97b57,1479,89.0,3,1786592026184,2026-08-13T10:33:46.184
6503,588aca26ed1bfc095abf2de16bf97b57,1480,89.0,3,1786592027185,2026-08-13T10:33:47.185
6504,588aca26ed1bfc095abf2de16bf97b57,1481,88.0,3,1786592028187,2026-08-13T10:33:48.187
6505,588aca26ed1bfc095abf2de16bf97b57,1482,88.0,3,1786592029183,2026-08-13T10:33:49.183
6506,588aca26ed1bfc095abf2de16bf97b57,1483,87.0,3,1786592030189,2026-08-13T10:33:50.189
6507,588aca26ed1bfc095abf2de16bf97b57,1484,87.0,3,1786592031178,2026-08-13T10:33:51.178
6508,588aca26ed1bfc095abf2de16bf97b57,1485,87.0,3,1786592032176,2026-08-13T10:33:52.176
6509,588aca26ed1bfc095abf2de16bf97b57,1486,87.0,3,1786592033176,2026-08-13T10:33:53.176
6510,588aca26ed1bfc095abf2de16bf97b57,1487,87.0,3,1786592034176,2026-08-13T10:33:54.176
6511,588aca26ed1bfc095abf2de16bf97b57,1488,87.0,3,1786592035176,2026-08-13T10:33:55.176
6512,588aca26ed1bfc095abf2de16bf97b57,1489,86.0,3,1786592036178,2026-08-13T10:33:56.178
6513,588aca26ed1bfc095abf2de16bf97b57,1490,86.0,3,1786592037176,2026-08-13T10:33:57.176
6514,588aca26ed1bfc095abf2de16bf97b57,1491,86.0,3,1786592038177,2026-08-13T10:33:58.177
6515,588aca26ed1bfc095abf2de16bf97b57,1492,86.0,3,1786592039176,2026-08-13T10:33:59.176
6516,588aca26ed1bfc095abf2de16bf97b57,1493,87.0,3,1786592040250,2026-08-13T10:34:00.250
6517,588aca26ed1bfc095abf2de16bf97b57,1494,87.0,3,1786592041177,2026-08-13T10:34:01.177
6518,588aca26ed1bfc095abf2de16bf97b57,1495,86.0,3,1786592042178,2026-08-13T10:34:02.178
6519,588aca26ed1bfc095abf2de16bf97b57,1496,87.0,3,1786592043177,2026-08-13T10:34:03.177
6520,588aca26ed1bfc095abf2de16bf97b57,1497,89.0,3,1786592044177,2026-08-13T10:34:04.177
6521,588aca26ed1bfc095abf2de16bf97b57,1498,90.0,3,1786592045177,2026-08-13T10:34:05.177
6522,588aca26ed1bfc095abf2de16bf97b57,1499,91.0,3,1786592046176,2026-08-13T10:34:06.176
6523,588aca26ed1bfc095abf2de16bf97b57,1500,92.0,3,1786592047176,2026-08-13T10:34:07.176
6524,588aca26ed1bfc095abf2de16bf97b57,1501,93.0,3,1786592048176,2026-08-13T10:34:08.176
6525,588aca26ed1bfc095abf2de16bf97b57,1502,94.0,3,1786592049177,2026-08-13T10:34:09.177
6526,588aca26ed1bfc095abf2de16bf97b57,1503,94.0,3,1786592050176,2026-08-13T10:34:10.176
6527,588aca26ed1bfc095abf2de16bf97b57,1504,94.0,3,1786592051176,2026-08-13T10:34:11.176
6528,588aca26ed1bfc095abf2de16bf97b57,1505,94.0,3,1786592052176,2026-08-13T10:34:12.176
6529,588aca26ed1bfc095abf2de16bf97b57,1506,94.0,3,1786592053177,2026-08-13T10:34:13.177
6530,588aca26ed1bfc095abf2de16bf97b57,1507,94.0,3,1786592054181,2026-08-13T10:34:14.181
6531,588aca26ed1bfc095abf2de16bf97b57,1508,94.0,3,1786592055176,2026-08-13T10:34:15.176
6532,588aca26ed1bfc095abf2de16bf97b57,1509,93.0,3,1786592056176,2026-08-13T10:34:16.176
6533,588aca26ed1bfc095abf2de16bf97b57,1510,93.0,3,1786592057176,2026-08-13T10:34:17.176
6534,588aca26ed1bfc095abf2de16bf97b57,1511,92.0,3,1786592058177,2026-08-13T10:34:18.177
6535,588aca26ed1bfc095abf2de16bf97b57,1512,91.0,3,1786592059176,2026-08-13T10:34:19.176
6536,588aca26ed1bfc095abf2de16bf97b57,1513,90.0,3,1786592060176,2026-08-13T10:34:20.176
6537,588aca26ed1bfc095abf2de16bf97b57,1514,89.0,3,1786592061176,2026-08-13T10:34:21.176
6538,588aca26ed1bfc095abf2de16bf97b57,1515,90.0,3,1786592062179,2026-08-13T10:34:22.179
6539,588aca26ed1bfc095abf2de16bf97b57,1516,90.0,3,1786592063178,2026-08-13T10:34:23.178
6540,588aca26ed1bfc095abf2de16bf97b57,1517,90.0,3,1786592064177,2026-08-13T10:34:24.177
6541,588aca26ed1bfc095abf2de16bf97b57,1518,90.0,3,1786592065176,2026-08-13T10:34:25.176
6542,588aca26ed1bfc095abf2de16bf97b57,1519,90.0,3,1786592066176,2026-08-13T10:34:26.176
6543,588aca26ed1bfc095abf2de16bf97b57,1520,90.0,3,1786592067176,2026-08-13T10:34:27.176
6544,588aca26ed1bfc095abf2de16bf97b57,1521,90.0,3,1786592068176,2026-08-13T10:34:28.176
6545,588aca26ed1bfc095abf2de16bf97b57,1522,90.0,3,1786592069176,2026-08-13T10:34:29.176
6546,588aca26ed1bfc095abf2de16bf97b57,1523,91.0,3,1786592070177,2026-08-13T10:34:30.177
6547,588aca26ed1bfc095abf2de16bf97b57,1524,92.0,3,1786592071194,2026-08-13T10:34:31.194
6548,588aca26ed1bfc095abf2de16bf97b57,1525,92.0,3,1786592072185,2026-08-13T10:34:32.185
6549,588aca26ed1bfc095abf2de16bf97b57,1526,93.0,3,1786592073183,2026-08-13T10:34:33.183
6550,588aca26ed1bfc095abf2de16bf97b57,1527,93.0,3,1786592074183,2026-08-13T10:34:34.183
6551,588aca26ed1bfc095abf2de16bf97b57,1528,93.0,3,1786592075182,2026-08-13T10:34:35.182
6552,588aca26ed1bfc095abf2de16bf97b57,1529,92.0,3,1786592076182,2026-08-13T10:34:36.182
6553,588aca26ed1bfc095abf2de16bf97b57,1530,91.0,3,1786592077180,2026-08-13T10:34:37.180
6554,588aca26ed1bfc095abf2de16bf97b57,1531,90.0,3,1786592078180,2026-08-13T10:34:38.180
6555,588aca26ed1bfc095abf2de16bf97b57,1532,90.0,3,1786592079182,2026-08-13T10:34:39.182
6556,588aca26ed1bfc095abf2de16bf97b57,1533,89.0,3,1786592080182,2026-08-13T10:34:40.182
6557,588aca26ed1bfc095abf2de16bf97b57,1534,89.0,3,1786592081181,2026-08-13T10:34:41.181
6558,588aca26ed1bfc095abf2de16bf97b57,1535,89.0,3,1786592082182,2026-08-13T10:34:42.182
6559,588aca26ed1bfc095abf2de16bf97b57,1536,88.0,3,1786592083181,2026-08-13T10:34:43.181
6560,588aca26ed1bfc095abf2de16bf97b57,1537,88.0,3,1786592084181,2026-08-13T10:34:44.181
6561,588aca26ed1bfc095abf2de16bf97b57,1538,87.0,3,1786592085179,2026-08-13T10:34:45.179
6562,588aca26ed1bfc095abf2de16bf97b57,1539,87.0,3,1786592086181,2026-08-13T10:34:46.181
6563,588aca26ed1bfc095abf2de16bf97b57,1540,87.0,3,1786592087177,2026-08-13T10:34:47.177
6564,588aca26ed1bfc095abf2de16bf97b57,1541,87.0,3,1786592088182,2026-08-13T10:34:48.182
6565,588aca26ed1bfc095abf2de16bf97b57,1542,87.0,3,1786592089181,2026-08-13T10:34:49.181
6566,588aca26ed1bfc095abf2de16bf97b57,1543,87.0,3,1786592090182,2026-08-13T10:34:50.182
6567,588aca26ed1bfc095abf2de16bf97b57,1544,88.0,3,1786592091181,2026-08-13T10:34:51.181
6568,588aca26ed1bfc095abf2de16bf97b57,1545,89.0,3,1786592092179,2026-08-13T10:34:52.179
6569,588aca26ed1bfc095abf2de16bf97b57,1546,89.0,3,1786592093178,2026-08-13T10:34:53.178
6570,588aca26ed1bfc095abf2de16bf97b57,1547,89.0,3,1786592094178,2026-08-13T10:34:54.178
6571,588aca26ed1bfc095abf2de16bf97b57,1548,89.0,3,1786592095178,2026-08-13T10:34:55.178
6572,588aca26ed1bfc095abf2de16bf97b57,1549,89.0,3,1786592096178,2026-08-13T10:34:56.178
6573,588aca26ed1bfc095abf2de16bf97b57,1550,89.0,3,1786592097177,2026-08-13T10:34:57.177
6574,588aca26ed1bfc095abf2de16bf97b57,1551,88.0,3,1786592098176,2026-08-13T10:34:58.176
6575,588aca26ed1bfc095abf2de16bf97b57,1552,89.0,3,1786592099176,2026-08-13T10:34:59.176
6576,588aca26ed1bfc095abf2de16bf97b57,1553,89.0,3,1786592100176,2026-08-13T10:35:00.176
6577,588aca26ed1bfc095abf2de16bf97b57,1554,90.0,3,1786592101176,2026-08-13T10:35:01.176
6578,588aca26ed1bfc095abf2de16bf97b57,1555,90.0,3,1786592102176,2026-08-13T10:35:02.176
6579,588aca26ed1bfc095abf2de16bf97b57,1556,90.0,3,1786592103177,2026-08-13T10:35:03.177
6580,588aca26ed1bfc095abf2de16bf97b57,1557,91.0,3,1786592104176,2026-08-13T10:35:04.176
6581,588aca26ed1bfc095abf2de16bf97b57,1558,90.0,3,1786592105177,2026-08-13T10:35:05.177
6582,588aca26ed1bfc095abf2de16bf97b57,1559,91.0,3,1786592106177,2026-08-13T10:35:06.177
6583,588aca26ed1bfc095abf2de16bf97b57,1560,92.0,3,1786592107176,2026-08-13T10:35:07.176
6584,588aca26ed1bfc095abf2de16bf97b57,1561,93.0,3,1786592108177,2026-08-13T10:35:08.177
6585,588aca26ed1bfc095abf2de16bf97b57,1562,94.0,3,1786592109176,2026-08-13T10:35:09.176
6586,588aca26ed1bfc095abf2de16bf97b57,1563,94.0,3,1786592110176,2026-08-13T10:35:10.176
6587,588aca26ed1bfc095abf2de16bf97b57,1564,95.0,3,1786592111176,2026-08-13T10:35:11.176
6588,588aca26ed1bfc095abf2de16bf97b57,1565,95.0,3,1786592112176,2026-08-13T10:35:12.176
6589,588aca26ed1bfc095abf2de16bf97b57,1566,96.0,3,1786592113176,2026-08-13T10:35:13.176
6590,588aca26ed1bfc095abf2de16bf97b57,1567,96.0,3,1786592114178,2026-08-13T10:35:14.178
6591,588aca26ed1bfc095abf2de16bf97b57,1568,97.0,3,1786592115179,2026-08-13T10:35:15.179
6592,588aca26ed1bfc095abf2de16bf97b57,1569,98.0,3,1786592116179,2026-08-13T10:35:16.179
6593,588aca26ed1bfc095abf2de16bf97b57,1570,98.0,3,1786592117179,2026-08-13T10:35:17.179
6594,588aca26ed1bfc095abf2de16bf97b57,1571,98.0,3,1786592118177,2026-08-13T10:35:18.177
6595,588aca26ed1bfc095abf2de16bf97b57,1572,97.0,3,1786592119176,2026-08-13T10:35:19.176
6596,588aca26ed1bfc095abf2de16bf97b57,1573,96.0,3,1786592120176,2026-08-13T10:35:20.176
6597,588aca26ed1bfc095abf2de16bf97b57,1574,96.0,3,1786592121176,2026-08-13T10:35:21.176
6598,588aca26ed1bfc095abf2de16bf97b57,1575,95.0,3,1786592122176,2026-08-13T10:35:22.176
6599,588aca26ed1bfc095abf2de16bf97b57,1576,94.0,3,1786592123176,2026-08-13T10:35:23.176
6600,588aca26ed1bfc095abf2de16bf97b57,1577,93.0,3,1786592124177,2026-08-13T10:35:24.177
6601,588aca26ed1bfc095abf2de16bf97b57,1578,93.0,3,1786592125179,2026-08-13T10:35:25.179
6602,588aca26ed1bfc095abf2de16bf97b57,1579,92.0,3,1786592126176,2026-08-13T10:35:26.176
6603,588aca26ed1bfc095abf2de16bf97b57,1580,91.0,3,1786592127176,2026-08-13T10:35:27.176
6604,588aca26ed1bfc095abf2de16bf97b57,1581,90.0,3,1786592128176,2026-08-13T10:35:28.176
6605,588aca26ed1bfc095abf2de16bf97b57,1582,90.0,3,1786592129176,2026-08-13T10:35:29.176
6606,588aca26ed1bfc095abf2de16bf97b57,1583,90.0,3,1786592130176,2026-08-13T10:35:30.176
6607,588aca26ed1bfc095abf2de16bf97b57,1584,90.0,3,1786592131176,2026-08-13T10:35:31.176
6608,588aca26ed1bfc095abf2de16bf97b57,1585,90.0,3,1786592132178,2026-08-13T10:35:32.178
6609,588aca26ed1bfc095abf2de16bf97b57,1586,90.0,3,1786592133185,2026-08-13T10:35:33.185
6610,588aca26ed1bfc095abf2de16bf97b57,1587,90.0,3,1786592134178,2026-08-13T10:35:34.178
6611,588aca26ed1bfc095abf2de16bf97b57,1588,90.0,3,1786592135177,2026-08-13T10:35:35.177
6612,588aca26ed1bfc095abf2de16bf97b57,1589,90.0,3,1786592136186,2026-08-13T10:35:36.186
6613,588aca26ed1bfc095abf2de16bf97b57,1590,90.0,3,1786592137183,2026-08-13T10:35:37.183
6614,588aca26ed1bfc095abf2de16bf97b57,1591,89.0,3,1786592138183,2026-08-13T10:35:38.183
6615,588aca26ed1bfc095abf2de16bf97b57,1592,89.0,3,1786592139183,2026-08-13T10:35:39.183
6616,588aca26ed1bfc095abf2de16bf97b57,1593,90.0,3,1786592140183,2026-08-13T10:35:40.183
6617,588aca26ed1bfc095abf2de16bf97b57,1594,90.0,3,1786592141182,2026-08-13T10:35:41.182
6618,588aca26ed1bfc095abf2de16bf97b57,1595,90.0,3,1786592142180,2026-08-13T10:35:42.180
6619,588aca26ed1bfc095abf2de16bf97b57,1596,90.0,3,1786592143177,2026-08-13T10:35:43.177
6620,588aca26ed1bfc095abf2de16bf97b57,1597,90.0,3,1786592144178,2026-08-13T10:35:44.178
6621,588aca26ed1bfc095abf2de16bf97b57,1598,90.0,3,1786592145177,2026-08-13T10:35:45.177
6622,588aca26ed1bfc095abf2de16bf97b57,1599,90.0,3,1786592146176,2026-08-13T10:35:46.176
6623,588aca26ed1bfc095abf2de16bf97b57,1600,90.0,3,1786592147176,2026-08-13T10:35:47.176
6624,588aca26ed1bfc095abf2de16bf97b57,1601,90.0,3,1786592148176,2026-08-13T10:35:48.176
6625,588aca26ed1bfc095abf2de16bf97b57,1602,90.0,3,1786592149177,2026-08-13T10:35:49.177
6626,588aca26ed1bfc095abf2de16bf97b57,1603,91.0,3,1786592150176,2026-08-13T10:35:50.176
6627,588aca26ed1bfc095abf2de16bf97b57,1604,91.0,3,1786592151177,2026-08-13T10:35:51.177
6628,588aca26ed1bfc095abf2de16bf97b57,1605,91.0,3,1786592152176,2026-08-13T10:35:52.176
6629,588aca26ed1bfc095abf2de16bf97b57,1606,91.0,3,1786592153176,2026-08-13T10:35:53.176
6630,588aca26ed1bfc095abf2de16bf97b57,1607,90.0,3,1786592154177,2026-08-13T10:35:54.177
6631,588aca26ed1bfc095abf2de16bf97b57,1608,91.0,3,1786592155177,2026-08-13T10:35:55.177
6632,588aca26ed1bfc095abf2de16bf97b57,1609,91.0,3,1786592156177,2026-08-13T10:35:56.177
6633,588aca26ed1bfc095abf2de16bf97b57,1610,91.0,3,1786592157177,2026-08-13T10:35:57.177
6634,588aca26ed1bfc095abf2de16bf97b57,1611,90.0,3,1786592158186,2026-08-13T10:35:58.186
6635,588aca26ed1bfc095abf2de16bf97b57,1612,90.0,3,1786592159176,2026-08-13T10:35:59.176
6636,588aca26ed1bfc095abf2de16bf97b57,1613,90.0,3,1786592160177,2026-08-13T10:36:00.177
6637,588aca26ed1bfc095abf2de16bf97b57,1614,89.0,3,1786592161177,2026-08-13T10:36:01.177
6638,588aca26ed1bfc095abf2de16bf97b57,1615,89.0,3,1786592162176,2026-08-13T10:36:02.176
6639,588aca26ed1bfc095abf2de16bf97b57,2018,94.0,3,1786592565388,2026-08-13T10:42:45.388
6640,588aca26ed1bfc095abf2de16bf97b57,2019,93.0,3,1786592566387,2026-08-13T10:42:46.387
6641,588aca26ed1bfc095abf2de16bf97b57,2020,92.0,3,1786592567387,2026-08-13T10:42:47.387
6642,588aca26ed1bfc095abf2de16bf97b57,2021,90.0,3,1786592568387,2026-08-13T10:42:48.387
6643,588aca26ed1bfc095abf2de16bf97b57,2022,89.0,3,1786592569387,2026-08-13T10:42:49.387
6644,588aca26ed1bfc095abf2de16bf97b57,2023,87.0,3,1786592570387,2026-08-13T10:42:50.387
6645,588aca26ed1bfc095abf2de16bf97b57,2024,85.0,3,1786592571388,2026-08-13T10:42:51.388
6646,588aca26ed1bfc095abf2de16bf97b57,2025,84.0,3,1786592572387,2026-08-13T10:42:52.387
6647,588aca26ed1bfc095abf2de16bf97b57,2026,82.0,3,1786592573387,2026-08-13T10:42:53.387
6648,588aca26ed1bfc095abf2de16bf97b57,2027,81.0,3,1786592574390,2026-08-13T10:42:54.390
6649,588aca26ed1bfc095abf2de16bf97b57,2028,81.0,3,1786592575388,2026-08-13T10:42:55.388
6650,588aca26ed1bfc095abf2de16bf97b57,2029,82.0,3,1786592576391,2026-08-13T10:42:56.391
6651,588aca26ed1bfc095abf2de16bf97b57,2030,81.0,3,1786592577387,2026-08-13T10:42:57.387
6652,588aca26ed1bfc095abf2de16bf97b57,2031,81.0,3,1786592578387,2026-08-13T10:42:58.387
6653,588aca26ed1bfc095abf2de16bf97b57,2032,81.0,3,1786592579387,2026-08-13T10:42:59.387
6654,588aca26ed1bfc095abf2de16bf97b57,2033,82.0,3,1786592580388,2026-08-13T10:43:00.388
6655,588aca26ed1bfc095abf2de16bf97b57,2034,84.0,3,1786592581387,2026-08-13T10:43:01.387
6656,588aca26ed1bfc095abf2de16bf97b57,2035,85.0,3,1786592582388,2026-08-13T10:43:02.388
6657,588aca26ed1bfc095abf2de16bf97b57,2036,86.0,3,1786592583387,2026-08-13T10:43:03.387
6658,588aca26ed1bfc095abf2de16bf97b57,2037,87.0,3,1786592584387,2026-08-13T10:43:04.387
6659,588aca26ed1bfc095abf2de16bf97b57,2038,88.0,3,1786592585388,2026-08-13T10:43:05.388
6660,588aca26ed1bfc095abf2de16bf97b57,2039,88.0,3,1786592586387,2026-08-13T10:43:06.387
6661,588aca26ed1bfc095abf2de16bf97b57,2040,88.0,3,1786592587387,2026-08-13T10:43:07.387
6662,588aca26ed1bfc095abf2de16bf97b57,2041,88.0,3,1786592588388,2026-08-13T10:43:08.388
6663,588aca26ed1bfc095abf2de16bf97b57,2042,88.0,3,1786592589388,2026-08-13T10:43:09.388
6664,588aca26ed1bfc095abf2de16bf97b57,2043,88.0,3,1786592590387,2026-08-13T10:43:10.387
6665,588aca26ed1bfc095abf2de16bf97b57,2044,88.0,3,1786592591388,2026-08-13T10:43:11.388
6666,588aca26ed1bfc095abf2de16bf97b57,2045,88.0,3,1786592592394,2026-08-13T10:43:12.394
6667,588aca26ed1bfc095abf2de16bf97b57,2046,88.0,3,1786592593391,2026-08-13T10:43:13.391
6668,588aca26ed1bfc095abf2de16bf97b57,2047,87.0,3,1786592594393,2026-08-13T10:43:14.393
6669,588aca26ed1bfc095abf2de16bf97b57,2048,87.0,3,1786592595392,2026-08-13T10:43:15.392
6670,588aca26ed1bfc095abf2de16bf97b57,2049,87.0,3,1786592596393,2026-08-13T10:43:16.393
6671,588aca26ed1bfc095abf2de16bf97b57,2050,87.0,3,1786592597393,2026-08-13T10:43:17.393
6672,588aca26ed1bfc095abf2de16bf97b57,2051,87.0,3,1786592598390,2026-08-13T10:43:18.390
6673,588aca26ed1bfc095abf2de16bf97b57,2052,88.0,3,1786592599392,2026-08-13T10:43:19.392
6674,588aca26ed1bfc095abf2de16bf97b57,2053,89.0,3,1786592600389,2026-08-13T10:43:20.389
6675,588aca26ed1bfc095abf2de16bf97b57,2054,89.0,3,1786592601392,2026-08-13T10:43:21.392
6676,588aca26ed1bfc095abf2de16bf97b57,2055,89.0,3,1786592602389,2026-08-13T10:43:22.389
6677,588aca26ed1bfc095abf2de16bf97b57,2056,89.0,3,1786592603387,2026-08-13T10:43:23.387
6678,588aca26ed1bfc095abf2de16bf97b57,2057,89.0,3,1786592604388,2026-08-13T10:43:24.388
6679,588aca26ed1bfc095abf2de16bf97b57,2058,88.0,3,1786592605387,2026-08-13T10:43:25.387
6680,588aca26ed1bfc095abf2de16bf97b57,2059,87.0,3,1786592606387,2026-08-13T10:43:26.387
6681,588aca26ed1bfc095abf2de16bf97b57,2060,87.0,3,1786592607387,2026-08-13T10:43:27.387
6682,588aca26ed1bfc095abf2de16bf97b57,2061,86.0,3,1786592608387,2026-08-13T10:43:28.387
6683,588aca26ed1bfc095abf2de16bf97b57,2062,86.0,3,1786592609388,2026-08-13T10:43:29.388
6684,588aca26ed1bfc095abf2de16bf97b57,2063,86.0,3,1786592610387,2026-08-13T10:43:30.387
6685,588aca26ed1bfc095abf2de16bf97b57,2064,86.0,3,1786592611388,2026-08-13T10:43:31.388
6686,588aca26ed1bfc095abf2de16bf97b57,2065,86.0,3,1786592612388,2026-08-13T10:43:32.388
6687,588aca26ed1bfc095abf2de16bf97b57,2066,86.0,3,1786592613387,2026-08-13T10:43:33.387
6688,588aca26ed1bfc095abf2de16bf97b57,2067,86.0,3,1786592614387,2026-08-13T10:43:34.387
6689,588aca26ed1bfc095abf2de16bf97b57,2068,86.0,3,1786592615388,2026-08-13T10:43:35.388
6690,588aca26ed1bfc095abf2de16bf97b57,2069,86.0,3,1786592616392,2026-08-13T10:43:36.392
6691,588aca26ed1bfc095abf2de16bf97b57,2070,86.0,3,1786592617389,2026-08-13T10:43:37.389
6692,588aca26ed1bfc095abf2de16bf97b57,2071,87.0,3,1786592618390,2026-08-13T10:43:38.390
6693,588aca26ed1bfc095abf2de16bf97b57,2072,87.0,3,1786592619390,2026-08-13T10:43:39.390
6694,588aca26ed1bfc095abf2de16bf97b57,2073,88.0,3,1786592620390,2026-08-13T10:43:40.390
6695,588aca26ed1bfc095abf2de16bf97b57,2074,88.0,3,1786592621388,2026-08-13T10:43:41.388
6696,588aca26ed1bfc095abf2de16bf97b57,2075,88.0,3,1786592622388,2026-08-13T10:43:42.388
6697,588aca26ed1bfc095abf2de16bf97b57,2076,89.0,3,1786592623387,2026-08-13T10:43:43.387
6698,588aca26ed1bfc095abf2de16bf97b57,2077,89.0,3,1786592624388,2026-08-13T10:43:44.388
6699,588aca26ed1bfc095abf2de16bf97b57,2078,90.0,3,1786592625388,2026-08-13T10:43:45.388
6700,588aca26ed1bfc095abf2de16bf97b57,2079,89.0,3,1786592626388,2026-08-13T10:43:46.388
6701,588aca26ed1bfc095abf2de16bf97b57,2080,89.0,3,1786592627387,2026-08-13T10:43:47.387
6702,588aca26ed1bfc095abf2de16bf97b57,2081,89.0,3,1786592628387,2026-08-13T10:43:48.387
6703,588aca26ed1bfc095abf2de16bf97b57,2082,89.0,3,1786592629387,2026-08-13T10:43:49.387
6704,588aca26ed1bfc095abf2de16bf97b57,2083,89.0,3,1786592630387,2026-08-13T10:43:50.387
6705,588aca26ed1bfc095abf2de16bf97b57,2084,89.0,3,1786592631387,2026-08-13T10:43:51.387
6706,588aca26ed1bfc095abf2de16bf97b57,2085,88.0,3,1786592632387,2026-08-13T10:43:52.387
6707,588aca26ed1bfc095abf2de16bf97b57,2086,88.0,3,1786592633388,2026-08-13T10:43:53.388
6708,588aca26ed1bfc095abf2de16bf97b57,2087,88.0,3,1786592634387,2026-08-13T10:43:54.387
6709,588aca26ed1bfc095abf2de16bf97b57,2088,87.0,3,1786592635388,2026-08-13T10:43:55.388
6710,588aca26ed1bfc095abf2de16bf97b57,2089,87.0,3,1786592636388,2026-08-13T10:43:56.388
6711,588aca26ed1bfc095abf2de16bf97b57,2090,87.0,3,1786592637388,2026-08-13T10:43:57.388
6712,588aca26ed1bfc095abf2de16bf97b57,2091,87.0,3,1786592638388,2026-08-13T10:43:58.388
6713,588aca26ed1bfc095abf2de16bf97b57,2092,87.0,3,1786592639388,2026-08-13T10:43:59.388
6714,588aca26ed1bfc095abf2de16bf97b57,2093,86.0,3,1786592640387,2026-08-13T10:44:00.387
6715,588aca26ed1bfc095abf2de16bf97b57,2094,86.0,3,1786592641390,2026-08-13T10:44:01.390
6716,588aca26ed1bfc095abf2de16bf97b57,2095,86.0,3,1786592642389,2026-08-13T10:44:02.389
6717,588aca26ed1bfc095abf2de16bf97b57,2096,86.0,3,1786592643388,2026-08-13T10:44:03.388
6718,588aca26ed1bfc095abf2de16bf97b57,2097,86.0,3,1786592644387,2026-08-13T10:44:04.387
6719,588aca26ed1bfc095abf2de16bf97b57,2098,86.0,3,1786592645389,2026-08-13T10:44:05.389
6720,588aca26ed1bfc095abf2de16bf97b57,2099,85.0,3,1786592646392,2026-08-13T10:44:06.392
6721,588aca26ed1bfc095abf2de16bf97b57,2100,86.0,3,1786592647388,2026-08-13T10:44:07.388
6722,588aca26ed1bfc095abf2de16bf97b57,2101,85.0,3,1786592648388,2026-08-13T10:44:08.388
6723,588aca26ed1bfc095abf2de16bf97b57,2102,85.0,3,1786592649388,2026-08-13T10:44:09.388
6724,588aca26ed1bfc095abf2de16bf97b57,2103,85.0,3,1786592650387,2026-08-13T10:44:10.387
6725,588aca26ed1bfc095abf2de16bf97b57,2104,86.0,3,1786592651387,2026-08-13T10:44:11.387
6726,588aca26ed1bfc095abf2de16bf97b57,2105,86.0,3,1786592652394,2026-08-13T10:44:12.394
6727,588aca26ed1bfc095abf2de16bf97b57,2106,87.0,3,1786592653393,2026-08-13T10:44:13.393
6728,588aca26ed1bfc095abf2de16bf97b57,2107,87.0,3,1786592654393,2026-08-13T10:44:14.393
6729,588aca26ed1bfc095abf2de16bf97b57,2108,88.0,3,1786592655390,2026-08-13T10:44:15.390
6730,588aca26ed1bfc095abf2de16bf97b57,2109,88.0,3,1786592656389,2026-08-13T10:44:16.389
6731,588aca26ed1bfc095abf2de16bf97b57,2110,89.0,3,1786592657388,2026-08-13T10:44:17.388
6732,588aca26ed1bfc095abf2de16bf97b57,2111,89.0,3,1786592658388,2026-08-13T10:44:18.388
6733,588aca26ed1bfc095abf2de16bf97b57,2112,89.0,3,1786592659388,2026-08-13T10:44:19.388
6734,588aca26ed1bfc095abf2de16bf97b57,2113,89.0,3,1786592660388,2026-08-13T10:44:20.388
6735,588aca26ed1bfc095abf2de16bf97b57,2114,89.0,3,1786592661390,2026-08-13T10:44:21.390
6736,588aca26ed1bfc095abf2de16bf97b57,2115,89.0,3,1786592662388,2026-08-13T10:44:22.388
6737,588aca26ed1bfc095abf2de16bf97b57,2116,89.0,3,1786592663388,2026-08-13T10:44:23.388
6738,588aca26ed1bfc095abf2de16bf97b57,2117,88.0,3,1786592664387,2026-08-13T10:44:24.387
6739,588aca26ed1bfc095abf2de16bf97b57,2118,88.0,3,1786592665389,2026-08-13T10:44:25.389
6740,588aca26ed1bfc095abf2de16bf97b57,2119,87.0,3,1786592666389,2026-08-13T10:44:26.389
6741,588aca26ed1bfc095abf2de16bf97b57,2120,86.0,3,1786592667388,2026-08-13T10:44:27.388
6742,588aca26ed1bfc095abf2de16bf97b57,2121,86.0,3,1786592668387,2026-08-13T10:44:28.387
6743,588aca26ed1bfc095abf2de16bf97b57,2122,85.0,3,1786592669388,2026-08-13T10:44:29.388
6744,588aca26ed1bfc095abf2de16bf97b57,2123,85.0,3,1786592670396,2026-08-13T10:44:30.396
6745,588aca26ed1bfc095abf2de16bf97b57,2124,85.0,3,1786592671394,2026-08-13T10:44:31.394
6746,588aca26ed1bfc095abf2de16bf97b57,2125,85.0,3,1786592672389,2026-08-13T10:44:32.389
6747,588aca26ed1bfc095abf2de16bf97b57,2126,85.0,3,1786592673388,2026-08-13T10:44:33.388
6748,588aca26ed1bfc095abf2de16bf97b57,2127,84.0,3,1786592674388,2026-08-13T10:44:34.388
6749,588aca26ed1bfc095abf2de16bf97b57,2128,84.0,3,1786592675388,2026-08-13T10:44:35.388
6750,588aca26ed1bfc095abf2de16bf97b57,2129,84.0,3,1786592676388,2026-08-13T10:44:36.388
6751,588aca26ed1bfc095abf2de16bf97b57,2130,84.0,3,1786592677387,2026-08-13T10:44:37.387
6752,588aca26ed1bfc095abf2de16bf97b57,2131,84.0,3,1786592678389,2026-08-13T10:44:38.389
6753,588aca26ed1bfc095abf2de16bf97b57,2132,84.0,3,1786592679387,2026-08-13T10:44:39.387
6754,588aca26ed1bfc095abf2de16bf97b57,2133,84.0,3,1786592680387,2026-08-13T10:44:40.387
6755,588aca26ed1bfc095abf2de16bf97b57,2134,85.0,3,1786592681387,2026-08-13T10:44:41.387
6756,588aca26ed1bfc095abf2de16bf97b57,2135,85.0,3,1786592682388,2026-08-13T10:44:42.388
6757,588aca26ed1bfc095abf2de16bf97b57,2136,87.0,3,1786592683387,2026-08-13T10:44:43.387
6758,588aca26ed1bfc095abf2de16bf97b57,2137,88.0,3,1786592684388,2026-08-13T10:44:44.388
6759,588aca26ed1bfc095abf2de16bf97b57,2138,89.0,3,1786592685397,2026-08-13T10:44:45.397
6760,588aca26ed1bfc095abf2de16bf97b57,2139,90.0,3,1786592686394,2026-08-13T10:44:46.394
6761,588aca26ed1bfc095abf2de16bf97b57,2140,90.0,3,1786592687390,2026-08-13T10:44:47.390
6762,588aca26ed1bfc095abf2de16bf97b57,2141,90.0,3,1786592688388,2026-08-13T10:44:48.388
6763,588aca26ed1bfc095abf2de16bf97b57,2142,90.0,3,1786592689387,2026-08-13T10:44:49.387
6764,588aca26ed1bfc095abf2de16bf97b57,2143,90.0,3,1786592690387,2026-08-13T10:44:50.387
6765,588aca26ed1bfc095abf2de16bf97b57,2144,89.0,3,1786592691388,2026-08-13T10:44:51.388
6766,588aca26ed1bfc095abf2de16bf97b57,2145,89.0,3,1786592692391,2026-08-13T10:44:52.391
6767,588aca26ed1bfc095abf2de16bf97b57,2146,88.0,3,1786592693389,2026-08-13T10:44:53.389
6768,588aca26ed1bfc095abf2de16bf97b57,2147,88.0,3,1786592694388,2026-08-13T10:44:54.388
6769,588aca26ed1bfc095abf2de16bf97b57,2148,88.0,3,1786592695388,2026-08-13T10:44:55.388
6770,588aca26ed1bfc095abf2de16bf97b57,2149,88.0,3,1786592696387,2026-08-13T10:44:56.387
6771,588aca26ed1bfc095abf2de16bf97b57,2150,87.0,3,1786592697387,2026-08-13T10:44:57.387
6772,588aca26ed1bfc095abf2de16bf97b57,2151,87.0,3,1786592698387,2026-08-13T10:44:58.387
6773,588aca26ed1bfc095abf2de16bf97b57,2152,87.0,3,1786592699387,2026-08-13T10:44:59.387
6774,588aca26ed1bfc095abf2de16bf97b57,2153,87.0,3,1786592700392,2026-08-13T10:45:00.392
6775,588aca26ed1bfc095abf2de16bf97b57,2154,87.0,3,1786592701396,2026-08-13T10:45:01.396
6776,588aca26ed1bfc095abf2de16bf97b57,2155,87.0,3,1786592702392,2026-08-13T10:45:02.392
6777,588aca26ed1bfc095abf2de16bf97b57,2156,87.0,3,1786592703388,2026-08-13T10:45:03.388
6778,588aca26ed1bfc095abf2de16bf97b57,2157,87.0,3,1786592704387,2026-08-13T10:45:04.387
6779,588aca26ed1bfc095abf2de16bf97b57,2158,87.0,3,1786592705387,2026-08-13T10:45:05.387
6780,588aca26ed1bfc095abf2de16bf97b57,2159,87.0,3,1786592706387,2026-08-13T10:45:06.387
6781,588aca26ed1bfc095abf2de16bf97b57,2160,87.0,3,1786592707389,2026-08-13T10:45:07.389
6782,588aca26ed1bfc095abf2de16bf97b57,2161,86.0,3,1786592708397,2026-08-13T10:45:08.397
6783,588aca26ed1bfc095abf2de16bf97b57,2162,86.0,3,1786592709390,2026-08-13T10:45:09.390
6784,588aca26ed1bfc095abf2de16bf97b57,2163,86.0,3,1786592710387,2026-08-13T10:45:10.387
6785,588aca26ed1bfc095abf2de16bf97b57,2164,86.0,3,1786592711387,2026-08-13T10:45:11.387
6786,588aca26ed1bfc095abf2de16bf97b57,2165,86.0,3,1786592712388,2026-08-13T10:45:12.388
6787,588aca26ed1bfc095abf2de16bf97b57,2166,86.0,3,1786592713387,2026-08-13T10:45:13.387
6788,588aca26ed1bfc095abf2de16bf97b57,2167,87.0,3,1786592714388,2026-08-13T10:45:14.388
6789,588aca26ed1bfc095abf2de16bf97b57,2168,87.0,3,1786592715408,2026-08-13T10:45:15.408
6790,588aca26ed1bfc095abf2de16bf97b57,2169,87.0,3,1786592716397,2026-08-13T10:45:16.397
6791,588aca26ed1bfc095abf2de16bf97b57,2170,88.0,3,1786592717398,2026-08-13T10:45:17.398
6792,588aca26ed1bfc095abf2de16bf97b57,2171,88.0,3,1786592718390,2026-08-13T10:45:18.390
6793,588aca26ed1bfc095abf2de16bf97b57,2172,87.0,3,1786592719389,2026-08-13T10:45:19.389
6794,588aca26ed1bfc095abf2de16bf97b57,2173,87.0,3,1786592720387,2026-08-13T10:45:20.387
6795,588aca26ed1bfc095abf2de16bf97b57,2174,87.0,3,1786592721388,2026-08-13T10:45:21.388
6796,588aca26ed1bfc095abf2de16bf97b57,2175,86.0,3,1786592722390,2026-08-13T10:45:22.390
6797,588aca26ed1bfc095abf2de16bf97b57,2176,85.0,3,1786592723387,2026-08-13T10:45:23.387
6798,588aca26ed1bfc095abf2de16bf97b57,2177,85.0,3,1786592724387,2026-08-13T10:45:24.387
6799,588aca26ed1bfc095abf2de16bf97b57,2178,85.0,3,1786592725388,2026-08-13T10:45:25.388
6800,588aca26ed1bfc095abf2de16bf97b57,2179,85.0,3,1786592726387,2026-08-13T10:45:26.387
6801,588aca26ed1bfc095abf2de16bf97b57,2180,85.0,3,1786592727387,2026-08-13T10:45:27.387
6802,588aca26ed1bfc095abf2de16bf97b57,2181,85.0,3,1786592728387,2026-08-13T10:45:28.387
6803,588aca26ed1bfc095abf2de16bf97b57,2182,86.0,3,1786592729389,2026-08-13T10:45:29.389
6804,588aca26ed1bfc095abf2de16bf97b57,2183,85.0,3,1786592730395,2026-08-13T10:45:30.395
6805,588aca26ed1bfc095abf2de16bf97b57,2184,85.0,3,1786592731393,2026-08-13T10:45:31.393
6806,588aca26ed1bfc095abf2de16bf97b57,2185,85.0,3,1786592732389,2026-08-13T10:45:32.389
6807,588aca26ed1bfc095abf2de16bf97b57,2186,84.0,3,1786592733388,2026-08-13T10:45:33.388
6808,588aca26ed1bfc095abf2de16bf97b57,2187,84.0,3,1786592734388,2026-08-13T10:45:34.388
6809,588aca26ed1bfc095abf2de16bf97b57,2188,84.0,3,1786592735388,2026-08-13T10:45:35.388
6810,588aca26ed1bfc095abf2de16bf97b57,2189,84.0,3,1786592736388,2026-08-13T10:45:36.388
6811,588aca26ed1bfc095abf2de16bf97b57,2190,85.0,3,1786592737399,2026-08-13T10:45:37.399
6812,588aca26ed1bfc095abf2de16bf97b57,2191,85.0,3,1786592738388,2026-08-13T10:45:38.388
6813,588aca26ed1bfc095abf2de16bf97b57,2192,85.0,3,1786592739387,2026-08-13T10:45:39.387
6814,588aca26ed1bfc095abf2de16bf97b57,2193,84.0,3,1786592740388,2026-08-13T10:45:40.388
6815,588aca26ed1bfc095abf2de16bf97b57,2194,84.0,3,1786592741388,2026-08-13T10:45:41.388
6816,588aca26ed1bfc095abf2de16bf97b57,2195,84.0,3,1786592742387,2026-08-13T10:45:42.387
6817,588aca26ed1bfc095abf2de16bf97b57,2196,84.0,3,1786592743388,2026-08-13T10:45:43.388
6818,588aca26ed1bfc095abf2de16bf97b57,2197,84.0,3,1786592744394,2026-08-13T10:45:44.394
6819,588aca26ed1bfc095abf2de16bf97b57,2198,84.0,3,1786592745397,2026-08-13T10:45:45.397
6820,588aca26ed1bfc095abf2de16bf97b57,2199,84.0,3,1786592746392,2026-08-13T10:45:46.392
6821,588aca26ed1bfc095abf2de16bf97b57,2200,84.0,3,1786592747388,2026-08-13T10:45:47.388
6822,588aca26ed1bfc095abf2de16bf97b57,2201,84.0,3,1786592748389,2026-08-13T10:45:48.389
6823,588aca26ed1bfc095abf2de16bf97b57,2202,84.0,3,1786592749388,2026-08-13T10:45:49.388
6824,588aca26ed1bfc095abf2de16bf97b57,2203,84.0,3,1786592750387,2026-08-13T10:45:50.387
6825,588aca26ed1bfc095abf2de16bf97b57,2204,84.0,3,1786592751388,2026-08-13T10:45:51.388
6826,588aca26ed1bfc095abf2de16bf97b57,2205,84.0,3,1786592752389,2026-08-13T10:45:52.389
6827,588aca26ed1bfc095abf2de16bf97b57,2206,85.0,3,1786592753390,2026-08-13T10:45:53.390
6828,588aca26ed1bfc095abf2de16bf97b57,2207,85.0,3,1786592754388,2026-08-13T10:45:54.388
6829,588aca26ed1bfc095abf2de16bf97b57,2208,85.0,3,1786592755387,2026-08-13T10:45:55.387
6830,588aca26ed1bfc095abf2de16bf97b57,2209,85.0,3,1786592756387,2026-08-13T10:45:56.387
6831,588aca26ed1bfc095abf2de16bf97b57,2210,85.0,3,1786592757387,2026-08-13T10:45:57.387
6832,588aca26ed1bfc095abf2de16bf97b57,2211,85.0,3,1786592758388,2026-08-13T10:45:58.388
6833,588aca26ed1bfc095abf2de16bf97b57,2212,85.0,3,1786592759387,2026-08-13T10:45:59.387
6834,588aca26ed1bfc095abf2de16bf97b57,2213,85.0,3,1786592760388,2026-08-13T10:46:00.388
6835,588aca26ed1bfc095abf2de16bf97b57,2214,85.0,3,1786592761387,2026-08-13T10:46:01.387
6836,588aca26ed1bfc095abf2de16bf97b57,2215,86.0,3,1786592762396,2026-08-13T10:46:02.396
6837,588aca26ed1bfc095abf2de16bf97b57,2216,86.0,3,1786592763388,2026-08-13T10:46:03.388
6838,588aca26ed1bfc095abf2de16bf97b57,2217,86.0,3,1786592764390,2026-08-13T10:46:04.390
6839,588aca26ed1bfc095abf2de16bf97b57,2218,86.0,3,1786592765387,2026-08-13T10:46:05.387
6840,588aca26ed1bfc095abf2de16bf97b57,2219,86.0,3,1786592766387,2026-08-13T10:46:06.387
6841,588aca26ed1bfc095abf2de16bf97b57,2220,86.0,3,1786592767388,2026-08-13T10:46:07.388
6842,588aca26ed1bfc095abf2de16bf97b57,2221,86.0,3,1786592768388,2026-08-13T10:46:08.388
6843,588aca26ed1bfc095abf2de16bf97b57,2222,86.0,3,1786592769388,2026-08-13T10:46:09.388
6844,588aca26ed1bfc095abf2de16bf97b57,2223,86.0,3,1786592770388,2026-08-13T10:46:10.388
6845,588aca26ed1bfc095abf2de16bf97b57,2224,86.0,3,1786592771387,2026-08-13T10:46:11.387
6846,588aca26ed1bfc095abf2de16bf97b57,2225,85.0,3,1786592772388,2026-08-13T10:46:12.388
6847,588aca26ed1bfc095abf2de16bf97b57,2226,85.0,3,1786592773387,2026-08-13T10:46:13.387
6848,588aca26ed1bfc095abf2de16bf97b57,2227,85.0,3,1786592774388,2026-08-13T10:46:14.388
6849,588aca26ed1bfc095abf2de16bf97b57,2228,85.0,3,1786592775388,2026-08-13T10:46:15.388
6850,588aca26ed1bfc095abf2de16bf97b57,2229,85.0,3,1786592776388,2026-08-13T10:46:16.388
6851,588aca26ed1bfc095abf2de16bf97b57,2230,86.0,3,1786592777388,2026-08-13T10:46:17.388
6852,588aca26ed1bfc095abf2de16bf97b57,2231,86.0,3,1786592778397,2026-08-13T10:46:18.397
6853,588aca26ed1bfc095abf2de16bf97b57,2232,87.0,3,1786592779391,2026-08-13T10:46:19.391
6854,588aca26ed1bfc095abf2de16bf97b57,2233,87.0,3,1786592780390,2026-08-13T10:46:20.390
6855,588aca26ed1bfc095abf2de16bf97b57,2234,86.0,3,1786592781392,2026-08-13T10:46:21.392
6856,588aca26ed1bfc095abf2de16bf97b57,2235,86.0,3,1786592782391,2026-08-13T10:46:22.391
6857,588aca26ed1bfc095abf2de16bf97b57,2236,86.0,3,1786592783389,2026-08-13T10:46:23.389
6858,588aca26ed1bfc095abf2de16bf97b57,2237,87.0,3,1786592784388,2026-08-13T10:46:24.388
6859,588aca26ed1bfc095abf2de16bf97b57,2238,87.0,3,1786592785387,2026-08-13T10:46:25.387
6860,588aca26ed1bfc095abf2de16bf97b57,2239,88.0,3,1786592786388,2026-08-13T10:46:26.388
6861,588aca26ed1bfc095abf2de16bf97b57,2240,88.0,3,1786592787388,2026-08-13T10:46:27.388
6862,588aca26ed1bfc095abf2de16bf97b57,2241,88.0,3,1786592788390,2026-08-13T10:46:28.390
6863,588aca26ed1bfc095abf2de16bf97b57,2242,87.0,3,1786592789390,2026-08-13T10:46:29.390
6864,588aca26ed1bfc095abf2de16bf97b57,2243,86.0,3,1786592790390,2026-08-13T10:46:30.390
6865,588aca26ed1bfc095abf2de16bf97b57,2244,86.0,3,1786592791387,2026-08-13T10:46:31.387
6866,588aca26ed1bfc095abf2de16bf97b57,2245,85.0,3,1786592792388,2026-08-13T10:46:32.388
6867,588aca26ed1bfc095abf2de16bf97b57,2246,85.0,3,1786592793388,2026-08-13T10:46:33.388
6868,588aca26ed1bfc095abf2de16bf97b57,2247,85.0,3,1786592794388,2026-08-13T10:46:34.388
6869,588aca26ed1bfc095abf2de16bf97b57,2248,84.0,3,1786592795387,2026-08-13T10:46:35.387
6870,588aca26ed1bfc095abf2de16bf97b57,2249,84.0,3,1786592796388,2026-08-13T10:46:36.388
6871,588aca26ed1bfc095abf2de16bf97b57,2250,84.0,3,1786592797388,2026-08-13T10:46:37.388
6872,588aca26ed1bfc095abf2de16bf97b57,2251,84.0,3,1786592798388,2026-08-13T10:46:38.388
6873,588aca26ed1bfc095abf2de16bf97b57,2252,84.0,3,1786592799387,2026-08-13T10:46:39.387
6874,588aca26ed1bfc095abf2de16bf97b57,2253,84.0,3,1786592800387,2026-08-13T10:46:40.387
6875,588aca26ed1bfc095abf2de16bf97b57,2254,84.0,3,1786592801396,2026-08-13T10:46:41.396
6876,588aca26ed1bfc095abf2de16bf97b57,2255,84.0,3,1786592802396,2026-08-13T10:46:42.396
6877,588aca26ed1bfc095abf2de16bf97b57,2256,84.0,3,1786592803394,2026-08-13T10:46:43.394
6878,588aca26ed1bfc095abf2de16bf97b57,2257,84.0,3,1786592804393,2026-08-13T10:46:44.393
6879,588aca26ed1bfc095abf2de16bf97b57,2258,84.0,3,1786592805391,2026-08-13T10:46:45.391
6880,588aca26ed1bfc095abf2de16bf97b57,2259,85.0,3,1786592806388,2026-08-13T10:46:46.388
6881,588aca26ed1bfc095abf2de16bf97b57,2260,86.0,3,1786592807391,2026-08-13T10:46:47.391
6882,588aca26ed1bfc095abf2de16bf97b57,2261,86.0,3,1786592808389,2026-08-13T10:46:48.389
6883,588aca26ed1bfc095abf2de16bf97b57,2262,86.0,3,1786592809387,2026-08-13T10:46:49.387
6884,588aca26ed1bfc095abf2de16bf97b57,2263,86.0,3,1786592810388,2026-08-13T10:46:50.388
6885,588aca26ed1bfc095abf2de16bf97b57,2264,86.0,3,1786592811387,2026-08-13T10:46:51.387
6886,588aca26ed1bfc095abf2de16bf97b57,2265,85.0,3,1786592812387,2026-08-13T10:46:52.387
6887,588aca26ed1bfc095abf2de16bf97b57,2266,85.0,3,1786592813388,2026-08-13T10:46:53.388
6888,588aca26ed1bfc095abf2de16bf97b57,2267,85.0,3,1786592814389,2026-08-13T10:46:54.389
6889,588aca26ed1bfc095abf2de16bf97b57,2268,84.0,3,1786592815390,2026-08-13T10:46:55.390
6890,588aca26ed1bfc095abf2de16bf97b57,2269,84.0,3,1786592816389,2026-08-13T10:46:56.389
6891,588aca26ed1bfc095abf2de16bf97b57,2270,84.0,3,1786592817388,2026-08-13T10:46:57.388
6892,588aca26ed1bfc095abf2de16bf97b57,2271,84.0,3,1786592818387,2026-08-13T10:46:58.387
6893,588aca26ed1bfc095abf2de16bf97b57,2272,84.0,3,1786592819388,2026-08-13T10:46:59.388
6894,588aca26ed1bfc095abf2de16bf97b57,2273,83.0,3,1786592820387,2026-08-13T10:47:00.387
6895,588aca26ed1bfc095abf2de16bf97b57,2274,83.0,3,1786592821391,2026-08-13T10:47:01.391
6896,588aca26ed1bfc095abf2de16bf97b57,2275,83.0,3,1786592822387,2026-08-13T10:47:02.387
6897,588aca26ed1bfc095abf2de16bf97b57,2276,83.0,3,1786592823388,2026-08-13T10:47:03.388
6898,588aca26ed1bfc095abf2de16bf97b57,2277,83.0,3,1786592824387,2026-08-13T10:47:04.387
6899,588aca26ed1bfc095abf2de16bf97b57,2278,83.0,3,1786592825387,2026-08-13T10:47:05.387
6900,588aca26ed1bfc095abf2de16bf97b57,2279,83.0,3,1786592826388,2026-08-13T10:47:06.388
6901,588aca26ed1bfc095abf2de16bf97b57,2280,84.0,3,1786592827388,2026-08-13T10:47:07.388
6902,588aca26ed1bfc095abf2de16bf97b57,2281,84.0,3,1786592828388,2026-08-13T10:47:08.388
6903,588aca26ed1bfc095abf2de16bf97b57,2282,84.0,3,1786592829387,2026-08-13T10:47:09.387
6904,588aca26ed1bfc095abf2de16bf97b57,2283,84.0,3,1786592830388,2026-08-13T10:47:10.388
6905,588aca26ed1bfc095abf2de16bf97b57,2284,85.0,3,1786592831396,2026-08-13T10:47:11.396
6906,588aca26ed1bfc095abf2de16bf97b57,2285,85.0,3,1786592832388,2026-08-13T10:47:12.388
6907,588aca26ed1bfc095abf2de16bf97b57,2286,86.0,3,1786592833394,2026-08-13T10:47:13.394
6908,588aca26ed1bfc095abf2de16bf97b57,2287,87.0,3,1786592834392,2026-08-13T10:47:14.392
6909,588aca26ed1bfc095abf2de16bf97b57,2288,88.0,3,1786592835390,2026-08-13T10:47:15.390
6910,588aca26ed1bfc095abf2de16bf97b57,2289,89.0,3,1786592836388,2026-08-13T10:47:16.388
6911,588aca26ed1bfc095abf2de16bf97b57,2290,90.0,3,1786592837387,2026-08-13T10:47:17.387
6912,588aca26ed1bfc095abf2de16bf97b57,2291,91.0,3,1786592838387,2026-08-13T10:47:18.387
6913,588aca26ed1bfc095abf2de16bf97b57,2292,92.0,3,1786592839387,2026-08-13T10:47:19.387
6914,588aca26ed1bfc095abf2de16bf97b57,2293,93.0,3,1786592840388,2026-08-13T10:47:20.388
6915,588aca26ed1bfc095abf2de16bf97b57,2294,93.0,3,1786592841388,2026-08-13T10:47:21.388
6916,588aca26ed1bfc095abf2de16bf97b57,2295,93.0,3,1786592842387,2026-08-13T10:47:22.387
6917,588aca26ed1bfc095abf2de16bf97b57,2296,93.0,3,1786592843388,2026-08-13T10:47:23.388
6918,588aca26ed1bfc095abf2de16bf97b57,2297,92.0,3,1786592844388,2026-08-13T10:47:24.388
6919,588aca26ed1bfc095abf2de16bf97b57,2298,92.0,3,1786592845388,2026-08-13T10:47:25.388
6920,588aca26ed1bfc095abf2de16bf97b57,2299,91.0,3,1786592846388,2026-08-13T10:47:26.388
6921,588aca26ed1bfc095abf2de16bf97b57,2300,91.0,3,1786592847388,2026-08-13T10:47:27.388
6922,588aca26ed1bfc095abf2de16bf97b57,2301,90.0,3,1786592848387,2026-08-13T10:47:28.387
6923,588aca26ed1bfc095abf2de16bf97b57,2302,90.0,3,1786592849388,2026-08-13T10:47:29.388
6924,588aca26ed1bfc095abf2de16bf97b57,2303,89.0,3,1786592850387,2026-08-13T10:47:30.387
6925,588aca26ed1bfc095abf2de16bf97b57,2304,89.0,3,1786592851389,2026-08-13T10:47:31.389
6926,588aca26ed1bfc095abf2de16bf97b57,2305,88.0,3,1786592852388,2026-08-13T10:47:32.388
6927,588aca26ed1bfc095abf2de16bf97b57,2306,88.0,3,1786592853388,2026-08-13T10:47:33.388
6928,588aca26ed1bfc095abf2de16bf97b57,2307,88.0,3,1786592854404,2026-08-13T10:47:34.404
6929,588aca26ed1bfc095abf2de16bf97b57,2308,88.0,3,1786592855394,2026-08-13T10:47:35.394
6930,588aca26ed1bfc095abf2de16bf97b57,2309,89.0,3,1786592856390,2026-08-13T10:47:36.390
6931,588aca26ed1bfc095abf2de16bf97b57,2310,89.0,3,1786592857389,2026-08-13T10:47:37.389
6932,588aca26ed1bfc095abf2de16bf97b57,2311,89.0,3,1786592858388,2026-08-13T10:47:38.388
6933,588aca26ed1bfc095abf2de16bf97b57,2312,89.0,3,1786592859388,2026-08-13T10:47:39.388
6934,588aca26ed1bfc095abf2de16bf97b57,2313,88.0,3,1786592860387,2026-08-13T10:47:40.387
6935,588aca26ed1bfc095abf2de16bf97b57,2314,88.0,3,1786592861388,2026-08-13T10:47:41.388
6936,588aca26ed1bfc095abf2de16bf97b57,2315,87.0,3,1786592862388,2026-08-13T10:47:42.388
6937,588aca26ed1bfc095abf2de16bf97b57,2316,87.0,3,1786592863388,2026-08-13T10:47:43.388
6938,588aca26ed1bfc095abf2de16bf97b57,2317,87.0,3,1786592864388,2026-08-13T10:47:44.388
6939,588aca26ed1bfc095abf2de16bf97b57,2318,87.0,3,1786592865389,2026-08-13T10:47:45.389
6940,588aca26ed1bfc095abf2de16bf97b57,2319,87.0,3,1786592866387,2026-08-13T10:47:46.387
6941,588aca26ed1bfc095abf2de16bf97b57,2320,87.0,3,1786592867387,2026-08-13T10:47:47.387
6942,588aca26ed1bfc095abf2de16bf97b57,2321,87.0,3,1786592868388,2026-08-13T10:47:48.388
6943,588aca26ed1bfc095abf2de16bf97b57,2322,88.0,3,1786592869387,2026-08-13T10:47:49.387
6944,588aca26ed1bfc095abf2de16bf97b57,2323,87.0,3,1786592870387,2026-08-13T10:47:50.387
6945,588aca26ed1bfc095abf2de16bf97b57,2324,87.0,3,1786592871387,2026-08-13T10:47:51.387
6946,588aca26ed1bfc095abf2de16bf97b57,2325,87.0,3,1786592872388,2026-08-13T10:47:52.388
6947,588aca26ed1bfc095abf2de16bf97b57,2326,87.0,3,1786592873389,2026-08-13T10:47:53.389
6948,588aca26ed1bfc095abf2de16bf97b57,2327,87.0,3,1786592874388,2026-08-13T10:47:54.388
6949,588aca26ed1bfc095abf2de16bf97b57,2328,87.0,3,1786592875387,2026-08-13T10:47:55.387
6950,588aca26ed1bfc095abf2de16bf97b57,2329,86.0,3,1786592876388,2026-08-13T10:47:56.388
6951,588aca26ed1bfc095abf2de16bf97b57,2330,87.0,3,1786592877387,2026-08-13T10:47:57.387
6952,588aca26ed1bfc095abf2de16bf97b57,2331,87.0,3,1786592878387,2026-08-13T10:47:58.387
6953,588aca26ed1bfc095abf2de16bf97b57,2332,87.0,3,1786592879387,2026-08-13T10:47:59.387
6954,588aca26ed1bfc095abf2de16bf97b57,2333,87.0,3,1786592880393,2026-08-13T10:48:00.393
6955,588aca26ed1bfc095abf2de16bf97b57,2334,87.0,3,1786592881394,2026-08-13T10:48:01.394
6956,588aca26ed1bfc095abf2de16bf97b57,2335,88.0,3,1786592882387,2026-08-13T10:48:02.387
6957,588aca26ed1bfc095abf2de16bf97b57,2336,88.0,3,1786592883394,2026-08-13T10:48:03.394
6958,588aca26ed1bfc095abf2de16bf97b57,2337,88.0,3,1786592884388,2026-08-13T10:48:04.388
6959,588aca26ed1bfc095abf2de16bf97b57,2338,88.0,3,1786592885390,2026-08-13T10:48:05.390
6960,588aca26ed1bfc095abf2de16bf97b57,2339,87.0,3,1786592886388,2026-08-13T10:48:06.388
6961,588aca26ed1bfc095abf2de16bf97b57,2340,87.0,3,1786592887387,2026-08-13T10:48:07.387
6962,588aca26ed1bfc095abf2de16bf97b57,2341,87.0,3,1786592888388,2026-08-13T10:48:08.388
6963,588aca26ed1bfc095abf2de16bf97b57,2342,88.0,3,1786592889388,2026-08-13T10:48:09.388
6964,588aca26ed1bfc095abf2de16bf97b57,2343,88.0,3,1786592890388,2026-08-13T10:48:10.388
6965,588aca26ed1bfc095abf2de16bf97b57,2344,88.0,3,1786592891389,2026-08-13T10:48:11.389
6966,588aca26ed1bfc095abf2de16bf97b57,2345,89.0,3,1786592892388,2026-08-13T10:48:12.388
6967,588aca26ed1bfc095abf2de16bf97b57,2346,89.0,3,1786592893387,2026-08-13T10:48:13.387
6968,588aca26ed1bfc095abf2de16bf97b57,2347,90.0,3,1786592894388,2026-08-13T10:48:14.388
6969,588aca26ed1bfc095abf2de16bf97b57,2348,91.0,3,1786592895387,2026-08-13T10:48:15.387
6970,588aca26ed1bfc095abf2de16bf97b57,2349,92.0,3,1786592896387,2026-08-13T10:48:16.387
6971,588aca26ed1bfc095abf2de16bf97b57,2350,92.0,3,1786592897388,2026-08-13T10:48:17.388
6972,588aca26ed1bfc095abf2de16bf97b57,2351,92.0,3,1786592898387,2026-08-13T10:48:18.387
6973,588aca26ed1bfc095abf2de16bf97b57,2352,92.0,3,1786592899388,2026-08-13T10:48:19.388
6974,588aca26ed1bfc095abf2de16bf97b57,2353,91.0,3,1786592900388,2026-08-13T10:48:20.388
6975,588aca26ed1bfc095abf2de16bf97b57,2354,91.0,3,1786592901395,2026-08-13T10:48:21.395
6976,588aca26ed1bfc095abf2de16bf97b57,2355,90.0,3,1786592902393,2026-08-13T10:48:22.393
6977,588aca26ed1bfc095abf2de16bf97b57,2356,90.0,3,1786592903390,2026-08-13T10:48:23.390
6978,588aca26ed1bfc095abf2de16bf97b57,2357,89.0,3,1786592904392,2026-08-13T10:48:24.392
6979,588aca26ed1bfc095abf2de16bf97b57,2358,89.0,3,1786592905390,2026-08-13T10:48:25.390
6980,588aca26ed1bfc095abf2de16bf97b57,2359,88.0,3,1786592906390,2026-08-13T10:48:26.390
6981,588aca26ed1bfc095abf2de16bf97b57,2360,88.0,3,1786592907395,2026-08-13T10:48:27.395
6982,588aca26ed1bfc095abf2de16bf97b57,2361,88.0,3,1786592908387,2026-08-13T10:48:28.387
6983,588aca26ed1bfc095abf2de16bf97b57,2362,87.0,3,1786592909388,2026-08-13T10:48:29.388
6984,588aca26ed1bfc095abf2de16bf97b57,2363,87.0,3,1786592910388,2026-08-13T10:48:30.388
6985,588aca26ed1bfc095abf2de16bf97b57,2364,86.0,3,1786592911388,2026-08-13T10:48:31.388
6986,588aca26ed1bfc095abf2de16bf97b57,2365,85.0,3,1786592912387,2026-08-13T10:48:32.387
6987,588aca26ed1bfc095abf2de16bf97b57,2366,85.0,3,1786592913394,2026-08-13T10:48:33.394
6988,588aca26ed1bfc095abf2de16bf97b57,2367,85.0,3,1786592914391,2026-08-13T10:48:34.391
6989,588aca26ed1bfc095abf2de16bf97b57,2368,85.0,3,1786592915388,2026-08-13T10:48:35.388
6990,588aca26ed1bfc095abf2de16bf97b57,2369,86.0,3,1786592916389,2026-08-13T10:48:36.389
6991,588aca26ed1bfc095abf2de16bf97b57,2370,87.0,3,1786592917388,2026-08-13T10:48:37.388
6992,588aca26ed1bfc095abf2de16bf97b57,2371,87.0,3,1786592918387,2026-08-13T10:48:38.387
6993,588aca26ed1bfc095abf2de16bf97b57,2372,87.0,3,1786592919388,2026-08-13T10:48:39.388
6994,588aca26ed1bfc095abf2de16bf97b57,2373,88.0,3,1786592920388,2026-08-13T10:48:40.388
6995,588aca26ed1bfc095abf2de16bf97b57,2374,88.0,3,1786592921388,2026-08-13T10:48:41.388
6996,588aca26ed1bfc095abf2de16bf97b57,2375,88.0,3,1786592922387,2026-08-13T10:48:42.387
6997,588aca26ed1bfc095abf2de16bf97b57,2376,88.0,3,1786592923387,2026-08-13T10:48:43.387
6998,588aca26ed1bfc095abf2de16bf97b57,2377,88.0,3,1786592924388,2026-08-13T10:48:44.388
6999,588aca26ed1bfc095abf2de16bf97b57,2378,88.0,3,1786592925388,2026-08-13T10:48:45.388
7000,588aca26ed1bfc095abf2de16bf97b57,2379,88.0,3,1786592926387,2026-08-13T10:48:46.387
7001,588aca26ed1bfc095abf2de16bf97b57,2380,88.0,3,1786592927387,2026-08-13T10:48:47.387
7002,588aca26ed1bfc095abf2de16bf97b57,2381,88.0,3,1786592928391,2026-08-13T10:48:48.391
7003,588aca26ed1bfc095abf2de16bf97b57,2382,89.0,3,1786592929395,2026-08-13T10:48:49.395
7004,588aca26ed1bfc095abf2de16bf97b57,2383,89.0,3,1786592930393,2026-08-13T10:48:50.393
7005,588aca26ed1bfc095abf2de16bf97b57,2384,89.0,3,1786592931393,2026-08-13T10:48:51.393
7006,588aca26ed1bfc095abf2de16bf97b57,2385,89.0,3,1786592932390,2026-08-13T10:48:52.390
7007,588aca26ed1bfc095abf2de16bf97b57,2386,89.0,3,1786592933390,2026-08-13T10:48:53.390
7008,588aca26ed1bfc095abf2de16bf97b57,2387,89.0,3,1786592934397,2026-08-13T10:48:54.397
7009,588aca26ed1bfc095abf2de16bf97b57,2388,89.0,3,1786592935388,2026-08-13T10:48:55.388
7010,588aca26ed1bfc095abf2de16bf97b57,2389,89.0,3,1786592936388,2026-08-13T10:48:56.388
7011,588aca26ed1bfc095abf2de16bf97b57,2390,89.0,3,1786592937387,2026-08-13T10:48:57.387
7012,588aca26ed1bfc095abf2de16bf97b57,2391,89.0,3,1786592938387,2026-08-13T10:48:58.387
7013,588aca26ed1bfc095abf2de16bf97b57,2392,89.0,3,1786592939389,2026-08-13T10:48:59.389
7014,588aca26ed1bfc095abf2de16bf97b57,2393,88.0,3,1786592940388,2026-08-13T10:49:00.388
7015,588aca26ed1bfc095abf2de16bf97b57,2394,88.0,3,1786592941394,2026-08-13T10:49:01.394
7016,588aca26ed1bfc095abf2de16bf97b57,2395,88.0,3,1786592942388,2026-08-13T10:49:02.388
7017,588aca26ed1bfc095abf2de16bf97b57,2396,88.0,3,1786592943387,2026-08-13T10:49:03.387
7018,588aca26ed1bfc095abf2de16bf97b57,2397,87.0,3,1786592944387,2026-08-13T10:49:04.387
7019,588aca26ed1bfc095abf2de16bf97b57,2398,87.0,3,1786592945387,2026-08-13T10:49:05.387
7020,588aca26ed1bfc095abf2de16bf97b57,2399,87.0,3,1786592946387,2026-08-13T10:49:06.387
7021,588aca26ed1bfc095abf2de16bf97b57,2400,88.0,3,1786592947387,2026-08-13T10:49:07.387
7022,588aca26ed1bfc095abf2de16bf97b57,2401,88.0,3,1786592948388,2026-08-13T10:49:08.388
7023,588aca26ed1bfc095abf2de16bf97b57,2402,88.0,3,1786592949387,2026-08-13T10:49:09.387
7024,588aca26ed1bfc095abf2de16bf97b57,2403,89.0,3,1786592950387,2026-08-13T10:49:10.387
7025,588aca26ed1bfc095abf2de16bf97b57,2404,89.0,3,1786592951387,2026-08-13T10:49:11.387
7026,588aca26ed1bfc095abf2de16bf97b57,2405,89.0,3,1786592952402,2026-08-13T10:49:12.402
7027,588aca26ed1bfc095abf2de16bf97b57,2406,90.0,3,1786592953404,2026-08-13T10:49:13.404
7028,588aca26ed1bfc095abf2de16bf97b57,2407,90.0,3,1786592954404,2026-08-13T10:49:14.404
7029,588aca26ed1bfc095abf2de16bf97b57,2408,90.0,3,1786592955393,2026-08-13T10:49:15.393
7030,588aca26ed1bfc095abf2de16bf97b57,2409,90.0,3,1786592956394,2026-08-13T10:49:16.394
7031,588aca26ed1bfc095abf2de16bf97b57,2410,90.0,3,1786592957390,2026-08-13T10:49:17.390
7032,588aca26ed1bfc095abf2de16bf97b57,2411,91.0,3,1786592958390,2026-08-13T10:49:18.390
7033,588aca26ed1bfc095abf2de16bf97b57,2412,91.0,3,1786592959388,2026-08-13T10:49:19.388
7034,588aca26ed1bfc095abf2de16bf97b57,2413,90.0,3,1786592960388,2026-08-13T10:49:20.388
7035,588aca26ed1bfc095abf2de16bf97b57,2414,90.0,3,1786592961387,2026-08-13T10:49:21.387
7036,588aca26ed1bfc095abf2de16bf97b57,2415,90.0,3,1786592962388,2026-08-13T10:49:22.388
7037,588aca26ed1bfc095abf2de16bf97b57,2416,90.0,3,1786592963387,2026-08-13T10:49:23.387
7038,588aca26ed1bfc095abf2de16bf97b57,2417,90.0,3,1786592964387,2026-08-13T10:49:24.387
7039,588aca26ed1bfc095abf2de16bf97b57,2418,90.0,3,1786592965389,2026-08-13T10:49:25.389
7040,588aca26ed1bfc095abf2de16bf97b57,2419,90.0,3,1786592966388,2026-08-13T10:49:26.388
7041,588aca26ed1bfc095abf2de16bf97b57,2420,90.0,3,1786592967388,2026-08-13T10:49:27.388
7042,588aca26ed1bfc095abf2de16bf97b57,2421,91.0,3,1786592968387,2026-08-13T10:49:28.387
7043,588aca26ed1bfc095abf2de16bf97b57,2422,91.0,3,1786592969387,2026-08-13T10:49:29.387
7044,588aca26ed1bfc095abf2de16bf97b57,2423,91.0,3,1786592970388,2026-08-13T10:49:30.388
7045,588aca26ed1bfc095abf2de16bf97b57,2424,90.0,3,1786592971388,2026-08-13T10:49:31.388
7046,588aca26ed1bfc095abf2de16bf97b57,2425,90.0,3,1786592972388,2026-08-13T10:49:32.388
7047,588aca26ed1bfc095abf2de16bf97b57,2426,90.0,3,1786592973388,2026-08-13T10:49:33.388
7048,588aca26ed1bfc095abf2de16bf97b57,2427,89.0,3,1786592974388,2026-08-13T10:49:34.388
7049,588aca26ed1bfc095abf2de16bf97b57,2428,89.0,3,1786592975387,2026-08-13T10:49:35.387
7050,588aca26ed1bfc095abf2de16bf97b57,2429,89.0,3,1786592976388,2026-08-13T10:49:36.388
7051,588aca26ed1bfc095abf2de16bf97b57,2430,89.0,3,1786592977397,2026-08-13T10:49:37.397
7052,588aca26ed1bfc095abf2de16bf97b57,2431,89.0,3,1786592978396,2026-08-13T10:49:38.396
7053,588aca26ed1bfc095abf2de16bf97b57,2432,88.0,3,1786592979395,2026-08-13T10:49:39.395
7054,588aca26ed1bfc095abf2de16bf97b57,2433,88.0,3,1786592980395,2026-08-13T10:49:40.395
7055,588aca26ed1bfc095abf2de16bf97b57,2434,88.0,3,1786592981389,2026-08-13T10:49:41.389
7056,588aca26ed1bfc095abf2de16bf97b57,2435,88.0,3,1786592982390,2026-08-13T10:49:42.390
7057,588aca26ed1bfc095abf2de16bf97b57,2436,88.0,3,1786592983387,2026-08-13T10:49:43.387
7058,588aca26ed1bfc095abf2de16bf97b57,2437,88.0,3,1786592984387,2026-08-13T10:49:44.387
7059,588aca26ed1bfc095abf2de16bf97b57,2438,88.0,3,1786592985388,2026-08-13T10:49:45.388
7060,588aca26ed1bfc095abf2de16bf97b57,2439,88.0,3,1786592986388,2026-08-13T10:49:46.388
7061,588aca26ed1bfc095abf2de16bf97b57,2440,88.0,3,1786592987388,2026-08-13T10:49:47.388
7062,588aca26ed1bfc095abf2de16bf97b57,2441,88.0,3,1786592988387,2026-08-13T10:49:48.387
7063,588aca26ed1bfc095abf2de16bf97b57,2442,88.0,3,1786592989387,2026-08-13T10:49:49.387
7064,588aca26ed1bfc095abf2de16bf97b57,2443,88.0,3,1786592990388,2026-08-13T10:49:50.388
7065,588aca26ed1bfc095abf2de16bf97b57,2444,88.0,3,1786592991388,2026-08-13T10:49:51.388
7066,588aca26ed1bfc095abf2de16bf97b57,2445,88.0,3,1786592992388,2026-08-13T10:49:52.388
7067,588aca26ed1bfc095abf2de16bf97b57,2446,88.0,3,1786592993387,2026-08-13T10:49:53.387
7068,588aca26ed1bfc095abf2de16bf97b57,2447,88.0,3,1786592994388,2026-08-13T10:49:54.388
7069,588aca26ed1bfc095abf2de16bf97b57,2448,88.0,3,1786592995387,2026-08-13T10:49:55.387
7070,588aca26ed1bfc095abf2de16bf97b57,2449,88.0,3,1786592996398,2026-08-13T10:49:56.398
7071,588aca26ed1bfc095abf2de16bf97b57,2450,87.0,3,1786592997394,2026-08-13T10:49:57.394
7072,588aca26ed1bfc095abf2de16bf97b57,2451,87.0,3,1786592998387,2026-08-13T10:49:58.387
7073,588aca26ed1bfc095abf2de16bf97b57,2452,87.0,3,1786592999399,2026-08-13T10:49:59.399
7074,588aca26ed1bfc095abf2de16bf97b57,2453,87.0,3,1786593000387,2026-08-13T10:50:00.387
7075,588aca26ed1bfc095abf2de16bf97b57,2454,87.0,3,1786593001388,2026-08-13T10:50:01.388
7076,588aca26ed1bfc095abf2de16bf97b57,2455,88.0,3,1786593002389,2026-08-13T10:50:02.389
7077,588aca26ed1bfc095abf2de16bf97b57,2456,88.0,3,1786593003388,2026-08-13T10:50:03.388
7078,588aca26ed1bfc095abf2de16bf97b57,2457,89.0,3,1786593004388,2026-08-13T10:50:04.388
7079,588aca26ed1bfc095abf2de16bf97b57,2458,90.0,3,1786593005387,2026-08-13T10:50:05.387
7080,588aca26ed1bfc095abf2de16bf97b57,2459,90.0,3,1786593006388,2026-08-13T10:50:06.388
7081,588aca26ed1bfc095abf2de16bf97b57,2460,91.0,3,1786593007388,2026-08-13T10:50:07.388
7082,588aca26ed1bfc095abf2de16bf97b57,2461,92.0,3,1786593008387,2026-08-13T10:50:08.387
7083,588aca26ed1bfc095abf2de16bf97b57,2462,92.0,3,1786593009387,2026-08-13T10:50:09.387
7084,588aca26ed1bfc095abf2de16bf97b57,2463,92.0,3,1786593010397,2026-08-13T10:50:10.397
7085,588aca26ed1bfc095abf2de16bf97b57,2464,92.0,3,1786593011395,2026-08-13T10:50:11.395
7086,588aca26ed1bfc095abf2de16bf97b57,2465,92.0,3,1786593012392,2026-08-13T10:50:12.392
7087,588aca26ed1bfc095abf2de16bf97b57,2466,92.0,3,1786593013389,2026-08-13T10:50:13.389
7088,588aca26ed1bfc095abf2de16bf97b57,2467,92.0,3,1786593014387,2026-08-13T10:50:14.387
7089,588aca26ed1bfc095abf2de16bf97b57,2468,92.0,3,1786593015392,2026-08-13T10:50:15.392
7090,588aca26ed1bfc095abf2de16bf97b57,2469,91.0,3,1786593016390,2026-08-13T10:50:16.390
7091,588aca26ed1bfc095abf2de16bf97b57,2470,91.0,3,1786593017389,2026-08-13T10:50:17.389
7092,588aca26ed1bfc095abf2de16bf97b57,2471,91.0,3,1786593018388,2026-08-13T10:50:18.388
7093,588aca26ed1bfc095abf2de16bf97b57,2472,90.0,3,1786593019388,2026-08-13T10:50:19.388
7094,588aca26ed1bfc095abf2de16bf97b57,2473,90.0,3,1786593020387,2026-08-13T10:50:20.387
7095,588aca26ed1bfc095abf2de16bf97b57,2474,89.0,3,1786593021387,2026-08-13T10:50:21.387
7096,588aca26ed1bfc095abf2de16bf97b57,2475,89.0,3,1786593022388,2026-08-13T10:50:22.388
7097,588aca26ed1bfc095abf2de16bf97b57,2476,89.0,3,1786593023387,2026-08-13T10:50:23.387
7098,588aca26ed1bfc095abf2de16bf97b57,2477,89.0,3,1786593024388,2026-08-13T10:50:24.388
7099,588aca26ed1bfc095abf2de16bf97b57,2478,89.0,3,1786593025389,2026-08-13T10:50:25.389
7100,588aca26ed1bfc095abf2de16bf97b57,2479,89.0,3,1786593026397,2026-08-13T10:50:26.397
7101,588aca26ed1bfc095abf2de16bf97b57,2480,89.0,3,1786593027394,2026-08-13T10:50:27.394
7102,588aca26ed1bfc095abf2de16bf97b57,2481,88.0,3,1786593028391,2026-08-13T10:50:28.391
7103,588aca26ed1bfc095abf2de16bf97b57,2482,88.0,3,1786593029393,2026-08-13T10:50:29.393
7104,588aca26ed1bfc095abf2de16bf97b57,2483,88.0,3,1786593030388,2026-08-13T10:50:30.388
7105,588aca26ed1bfc095abf2de16bf97b57,2484,87.0,3,1786593031388,2026-08-13T10:50:31.388
7106,588aca26ed1bfc095abf2de16bf97b57,2485,87.0,3,1786593032388,2026-08-13T10:50:32.388
7107,588aca26ed1bfc095abf2de16bf97b57,2486,87.0,3,1786593033387,2026-08-13T10:50:33.387
7108,588aca26ed1bfc095abf2de16bf97b57,2487,87.0,3,1786593034387,2026-08-13T10:50:34.387
7109,588aca26ed1bfc095abf2de16bf97b57,2488,87.0,3,1786593035387,2026-08-13T10:50:35.387
7110,588aca26ed1bfc095abf2de16bf97b57,2489,88.0,3,1786593036394,2026-08-13T10:50:36.394
7111,588aca26ed1bfc095abf2de16bf97b57,2490,88.0,3,1786593037389,2026-08-13T10:50:37.389
7112,588aca26ed1bfc095abf2de16bf97b57,2491,89.0,3,1786593038388,2026-08-13T10:50:38.388
7113,588aca26ed1bfc095abf2de16bf97b57,2492,89.0,3,1786593039388,2026-08-13T10:50:39.388
7114,588aca26ed1bfc095abf2de16bf97b57,2493,88.0,3,1786593040388,2026-08-13T10:50:40.388
7115,588aca26ed1bfc095abf2de16bf97b57,2494,88.0,3,1786593041388,2026-08-13T10:50:41.388
7116,588aca26ed1bfc095abf2de16bf97b57,2495,87.0,3,1786593042387,2026-08-13T10:50:42.387
7117,588aca26ed1bfc095abf2de16bf97b57,2496,87.0,3,1786593043388,2026-08-13T10:50:43.388
7118,588aca26ed1bfc095abf2de16bf97b57,2497,87.0,3,1786593044388,2026-08-13T10:50:44.388
7119,588aca26ed1bfc095abf2de16bf97b57,2498,86.0,3,1786593045389,2026-08-13T10:50:45.389
7120,588aca26ed1bfc095abf2de16bf97b57,2499,86.0,3,1786593046387,2026-08-13T10:50:46.387
7121,588aca26ed1bfc095abf2de16bf97b57,2500,85.0,3,1786593047387,2026-08-13T10:50:47.387
7122,588aca26ed1bfc095abf2de16bf97b57,2501,85.0,3,1786593048387,2026-08-13T10:50:48.387
7123,588aca26ed1bfc095abf2de16bf97b57,2502,85.0,3,1786593049388,2026-08-13T10:50:49.388
7124,588aca26ed1bfc095abf2de16bf97b57,2503,85.0,3,1786593050388,2026-08-13T10:50:50.388
7125,588aca26ed1bfc095abf2de16bf97b57,2504,86.0,3,1786593051398,2026-08-13T10:50:51.398
7126,588aca26ed1bfc095abf2de16bf97b57,2505,86.0,3,1786593052397,2026-08-13T10:50:52.397
7127,588aca26ed1bfc095abf2de16bf97b57,2506,86.0,3,1786593053395,2026-08-13T10:50:53.395
7128,588aca26ed1bfc095abf2de16bf97b57,2507,86.0,3,1786593054393,2026-08-13T10:50:54.393
7129,588aca26ed1bfc095abf2de16bf97b57,2508,85.0,3,1786593055393,2026-08-13T10:50:55.393
7130,588aca26ed1bfc095abf2de16bf97b57,2509,85.0,3,1786593056393,2026-08-13T10:50:56.393
7131,588aca26ed1bfc095abf2de16bf97b57,2510,85.0,3,1786593057389,2026-08-13T10:50:57.389
7132,588aca26ed1bfc095abf2de16bf97b57,2511,85.0,3,1786593058387,2026-08-13T10:50:58.387
7133,588aca26ed1bfc095abf2de16bf97b57,2512,85.0,3,1786593059390,2026-08-13T10:50:59.390
7134,588aca26ed1bfc095abf2de16bf97b57,2513,86.0,3,1786593060392,2026-08-13T10:51:00.392
7135,588aca26ed1bfc095abf2de16bf97b57,2514,86.0,3,1786593061387,2026-08-13T10:51:01.387
7136,588aca26ed1bfc095abf2de16bf97b57,2515,86.0,3,1786593062389,2026-08-13T10:51:02.389
